,אאה,1,similar_phrase_counts
0,אאחז,1,2
1,אאכען,2,6
2,אאמשטרדםנו,1,0
3,אארך,1,2
4,אבאלענסקי,1,1
5,אבארבענעל,2,1
6,אבארניק,1,2
7,אבבד,1,1
8,אבבערראבינער,1,4
9,אבדאל,1,3
10,אבואב,2,3
11,אבולחססאן,1,0
12,אבנדור,1,1
13,אבערראבינערס,1,8
14,אבציק,1,3
15,אבקשנו,1,0
16,אבראמאווסקי,1,0
17,אגאניעוו,1,3
18,אגברא,1,5
19,אגוסטאוו,6,20
20,אגראף,1,2
21,אדאבעשט,2,0
22,אדאליא,1,1
23,אדאלףטיער,1,0
24,אדאן,2,10
25,אדאנא,1,7
26,אדהאן,1,1
27,אדהערביידשאד,1,0
28,אדוניםנכבדים,1,0
29,אדכל,1,3
30,אדליבערמאן,1,0
31,אדנדקי,1,2
32,אדעלאידע,1,2
33,אדעלסק,2,3
34,אדענבורג,2,6
35,אדעס,1,6
36,אדעסא,2,184
37,אדעסס,1,1
38,אדעססא,12,579
39,אדעססה,1,0
40,אדעססע,3,24
41,אדעססקי,1,14
42,אדעסע,2,6
43,אדעסער,1,5
44,אדרח,3,0
45,אדריאנאפאל,1,68
46,אדריאנאפאלי,1,12
47,אדריאנאפיל,1,14
48,אדריאנאפילה,1,1
49,אדריאנאפעל,2,21
50,אדריאנופול,2,12
51,אדריאנופולי,1,9
52,אדרינופול,2,8
53,אדרינופלי,1,2
54,אהאן,1,1
55,אהיא,1,19
56,אהן,1,38
57,אהרגעהענגע,1,1
58,אובין,2,2
59,אובערווישא,2,1
60,אוגוסט,1,750
61,אוגוסטאוו,8,6
62,אוגוסטום,1,6
63,אודיסא,3,3
64,אודסא,1,2
65,אודעסא,1,2
66,אודעססא,1,7
67,אוהמען,1,2
68,אוהעל,6,7
69,אוהעלי,5,8
70,אווגוסטאוו,5,5
71,אוויניאן,1,2
72,אווף,1,9
73,אוורא,2,3
74,אוזדא,1,2
75,אוזרא,1,2
76,אוטיאן,9,11
77,אוטלוק,1,2
78,אוטרעכט,2,7
79,אויגוסטאוו,2,5
80,אויגסבורג,7,13
81,אויגערישט,1,0
82,אויךפאן,1,0
83,אוימאל,1,8
84,אוינסבורג,1,1
85,אויסברוך,1,5
86,אויסגאבע,1,4
87,אויסגע,1,1
88,אויסטרוי,1,2
89,אויססעע,1,2
90,אויקסעררע,5,2
91,אויריך,1,4
92,אוכעת,1,2
93,אולונדי,1,7
94,אומאן,7,41
95,אומרא,1,2
96,אונגארו,1,3
97,אונגוואהר,2,4
98,אונגוואר,2,4
99,אונגעטהיילטער,1,2
100,אונגען,1,3
101,אונגריה,1,1
102,אונדווירד,1,0
103,אונוסט,1,12
104,אוניווערז,1,2
105,אונענטבעהרליכעס,1,2
106,אוסטאמלי,2,0
107,אוסטילא,6,4
108,אוסטראה,2,2
109,אוסטראליע,1,5
110,אוסטרהא,6,15
111,אוסעוויט,1,1
112,אופזאלא,1,5
113,אופנהיים,1,8
114,אוציליסצי,1,0
115,אוקספורד,2,12
116,אוקספרד,1,2
117,אוקראינקא,3,2
118,אוראן,5,18
119,אורגעל,1,1
120,אורוסוב,1,3
121,אורלי,1,5
122,אורע,1,4
123,אורעצע,1,3
124,אורשא,4,3
125,אושאמיר,1,2
126,אותכה,1,2
127,אזאר,4,6
128,אזילאי,2,2
129,אזלינן,1,15
130,אזמיר,1,118
131,אזמירנה,3,2
132,אזערקאוו,3,8
133,אזרחנכבד,1,0
134,אחראמיעוויץ,1,1
135,אחרונו,1,0
136,אחרוני,1,91
137,אחשוורוש,2,2
138,אטאנזאהן,2,1
139,אטהע,1,2
140,אטהען,1,17
141,אטוואצק,1,2
142,אטיק,1,21
143,אטלאנטיק,3,7
144,אטשין,1,18
145,איגוסט,3,8
146,איגלוי,1,3
147,איגער,1,2
148,אידישע,1,13
149,איהומען,5,9
150,איוויניץ,1,3
151,איוועניץ,1,8
152,איזוועסטיא,1,0
153,איזוועסטיע,1,0
154,איזידרו,1,1
155,איזמיר,2,53
156,איזראלזאהן,1,1
157,איזראליט,1,5
158,איזראליטע,1,1
159,איזראעל,1,25
160,איזראעליטי,1,2
161,איזראעלסקי,2,2
162,איחרה,1,2
163,איטאם,1,1
164,איטינגן,2,2
165,איטליה,1,15
166,איטשא,1,22
167,איטשני,1,3
168,אייגער,1,17
169,איידטקוהנען,2,6
170,אייו,1,1
171,אייווערסאן,1,3
172,אייזלעבען,2,6
173,אייזעמאנן,1,2
174,אייזש,1,0
175,אייטינגין,1,4
176,איילענ,1,1
177,איינגעארדנעט,1,0
178,איינדי,1,0
179,איינעש,1,2
180,אייראפה,1,5
181,איירגוע,1,0
182,איירע,1,0
183,איירעס,1,10
184,אילינעץ,1,1
185,איללוקסט,2,6
186,איממאנועל,1,3
187,אימפעראט,1,0
188,אינאווראצלאוו,4,17
189,אינגלאטיררא,1,4
190,אינוואלידענשטראססע,1,21
191,אינל,1,6
192,איננאווראצלאוו,1,1
193,איננלאטיררא,1,3
194,איןפערשיעדענען,1,0
195,איסטאמבול,1,4
196,איסטריע,3,2
197,איספאניה,1,0
198,איספראוו,1,0
199,איסקאזקע,1,0
200,איסקאראסט,4,6
201,איפאלשאג,1,2
202,איפוקה,1,7
203,איפעגדי,1,3
204,איצה,1,1
205,איצטנע,1,2
206,איצניע,1,2
207,איצקאווסקי,1,2
208,איצר,1,14
209,איקין,1,2
210,איקרעטא,1,0
211,איראהא,5,2
212,אירין,2,2
213,אירישע,1,2
214,אירמער,1,5
215,אירקוטסק,2,19
216,אישיא,2,3
217,אישכנז,1,0
218,איתת,2,2
219,אכסגיא,1,4
220,אכען,1,4
221,אלאיסלאס,1,0
222,אלאני,1,1
223,אלבאליא,1,1
224,אלבאניה,1,34
225,אלגאזי,1,9
226,אלגיד,1,0
227,אלגייר,1,2
228,אלגיר,1,293
229,אלהאמא,1,1
230,אלהגן,1,13
231,אלזאם,1,2
232,אלזל,1,2
233,אלחטיב,1,0
234,אלחנןשליטא,2,0
235,אלחריזי,1,10
236,אלטאנא,10,16
237,אלטאפען,3,2
238,אלטונא,4,41
239,אלטונה,1,5
240,אלטנה,1,1
241,אלטשול,1,8
242,אליטא,1,2
243,אליש,1,5
244,אלישוב,1,2
245,אלכם,1,4
246,אלכסנדריא,1,301
247,אלכסנדריה,1,60
248,אללאהאבאד,1,2
249,אללגי,1,1
250,אללערהאנד,1,13
251,אלמאליה,1,0
252,אלמונא,1,0
253,אלמוצופה,1,1
254,אלנותיו,1,2
255,אלעסרי,1,3
256,אלעפא,3,8
257,אלעקסאט,1,6
258,אלעקסאנדראווא,1,5
259,אלעקסאנדרופול,5,1
260,אלעקשיץ,1,1
261,אלערט,1,0
262,אלפחום,1,9
263,אלפנא,2,1
264,אלקאהרא,1,1
265,אלקוש,1,5
266,אלקצאר,2,0
267,אמאנא,1,2
268,אמארעער,1,2
269,אמד,1,10
270,אמדור,9,17
271,אמודריא,1,0
272,אמושטש,1,1
273,אמיצרא,1,1
274,אמנאשטירשציזנא,2,4
275,אמסטערדאם,1,12
276,אמסטרדאם,1,2
277,אמסטרדם,4,22
278,אמסק,5,15
279,אמרור,6,10
280,אמשטערדאם,1,1
281,אמשטרדאם,2,8
282,אמשטרדם,1,274
283,אמשטרדמה,1,5
284,אמשטרראם,1,3
285,אמשטררם,1,7
286,אמשינאוו,1,2
287,אמשענאוו,1,5
288,אנאל,1,3
289,אנאנאיוב,3,1
290,אנאניוב,3,24
291,אנאפאלי,1,4
292,אנאראל,1,4
293,אנגעניצקי,1,3
294,אנגרי,1,0
295,אנדלום,1,2
296,אנדריאנאפאל,1,16
297,אנדרעיעוו,1,5
298,אנטאאן,3,8
299,אנטווערפען,1,7
300,אנטיסעמיטיק,1,2
301,אנטיפאליע,5,8
302,אנטעקאליע,1,2
303,אניותיכם,1,3
304,אנישקאני,2,1
305,אנלאבלין,1,0
306,אננעןפלאטצ,1,0
307,אנעגליא,1,2
308,אנקונא,11,4
309,אסאד,1,8
310,אסארטירטעס,1,11
311,אסחאבאד,2,3
312,אסטאפיא,2,0
313,אסטי,8,6
314,אסטפרייסען,1,2
315,אסטפריעסלאנד,3,1
316,אסטראגורסקי,1,1
317,אסטראווא,5,7
318,אסטראווסקע,1,0
319,אסטראכאן,1,26
320,אסטרייך,2,13
321,אסימיאטיש,1,0
322,אסלחה,1,2
323,אסמאני,1,3
324,אסמינא,1,18
325,אסנאבריק,1,3
326,אססאב,1,2
327,אססואן,1,2
328,אסקלאד,1,2
329,אעזבנה,1,0
330,אפאנסיע,1,2
331,אפאצנע,2,1
332,אפארט,1,1
333,אפגההניסטאן,1,2
334,אפטא,5,3
335,אפטרתא,1,2
336,אפיצערסקאיא,1,4
337,אפנדופולו,1,2
338,אפניאן,1,0
339,אפען,1,28
340,אפענבאך,1,3
341,אפעעק,1,2
342,אפפיצירים,1,1
343,אפפראב,1,1
344,אפריק,1,2
345,אצמ,1,0
346,אצעמיר,1,0
347,אקהבאר,1,0
348,אקטאווא,1,2
349,אקס,1,9
350,אקסאן,1,2
351,אקספארד,3,7
352,אקספרד,2,4
353,אקערמאן,9,15
354,אראגיע,2,2
355,אראד,2,11
356,אראטאקאל,1,0
357,אראן,1,65
358,אראנסבערג,1,6
359,ארבעללא,1,4
360,ארגיוב,1,3
361,ארגיל,1,7
362,ארגעלבדאנד,1,2
363,ארגענאו,1,1
364,ארגענויא,1,6
365,ארדעלאר,1,2
366,ארהאגיע,1,6
367,ארהיוב,1,9
368,ארווא,3,3
369,ארושתו,1,8
370,ארזיקא,1,0
371,אריז,3,8
372,אריעכאוו,2,4
373,ארלא,1,15
374,ארלענס,1,0
375,ארם,1,258
376,ארמאט,1,0
377,ארמאטין,1,0
378,ארמעניא,1,14
379,ארעכאוו,1,4
380,ארעל,1,32
381,ארענסאן,1,2
382,ארעסא,1,1
383,ארעססא,3,7
384,ארקאניע,1,7
385,ארשאנסק,1,1
386,ארשוי,1,1
387,אשבבית,1,1
388,אשור,2,330
389,אשטרוק,1,5
390,אשירית,2,2
391,אשמינא,22,16
392,אשפחות,1,3
393,אשפיצין,6,2
394,אשפצין,5,2
395,אשצעווסקיא,1,1
396,אתינא,1,1
397,אתםז,1,0
398,אתרוגי,1,437
399,אתרוני,1,668
400,אתרונים,1,797
401,באאה,1,2
402,באבמוט,1,2
403,באבעלסבערג,1,3
404,באבצין,1,0
405,באברוב,1,1
406,באברויסק,1,123
407,באברינעץ,6,6
408,באגדאד,1,49
409,באגדאר,1,2
410,באגוסלאב,11,1
411,באגוסלאוו,1,2
412,באגיא,1,1
413,באגין,1,1
414,באגראד,6,32
415,באגראנאווסקי,1,3
416,באגרופין,1,2
417,באדקי,4,1
418,באהאפאלי,2,5
419,באהאפאליע,1,6
420,באהוש,2,1
421,באהיסלוב,2,5
422,באהסלאב,6,6
423,באוועל,1,0
424,באויסטראליע,2,2
425,באולהש,1,0
426,באולונדי,1,2
427,באוקספורד,1,32
428,באוראן,1,4
429,באורוות,1,3
430,באורקע,2,3
431,באותיה,1,2
432,באזארדזיק,1,5
433,באזילי,2,2
434,באזיליאה,1,2
435,באזיליע,1,4
436,באזעל,1,25
437,באטאלפאשינסק,1,1
438,באטאשאן,1,1
439,באטביע,1,4
440,באטוס,1,15
441,באטושאן,4,28
442,באטצען,2,2
443,באיא,4,3
444,באיוויע,1,1
445,באייערן,2,55
446,באיכ,1,0
447,באינאווראצלאוו,1,4
448,באיסקוטאר,1,0
449,באיסקוטארי,1,3
450,באיערן,1,54
451,באיצאיד,2,1
452,באכיר,1,6
453,באלאטה,1,1
454,באלבירישאק,1,6
455,באלגאריא,1,2
456,באלגייר,3,2
457,באלגיר,1,184
458,באלטא,1,137
459,באלטאנא,1,4
460,באלטאפען,1,1
461,באלטייסקי,1,0
462,באלטימאר,2,3
463,באלטימארע,3,25
464,באלטרומאנץ,4,9
465,באלטרימאנץ,2,4
466,באללאראט,15,7
467,באמבייבניישראלמאלבארקוגיןהלבניםוהשחוריםכלכלתה,1,0
468,באמבערג,1,15
469,באמוה,1,0
470,באמתחלק,1,0
471,באנאט,1,4
472,באנדאד,5,12
473,באניטצא,1,2
474,באנן,1,21
475,באסאן,1,2
476,באסורים,1,11
477,באסטאן,1,88
478,באספהאר,1,5
479,באסקאוויטן,5,0
480,באסקאוויטץ,1,10
481,באקוי,8,15
482,באקיר,2,11
483,באקליראווע,2,2
484,באקספורד,4,7
485,באקעלקאפיסטראנא,1,0
486,באראנאווקא,1,5
487,בארבאדאס,1,0
488,בארג,1,13
489,בארדיגעזער,1,4
490,בארדיטשוב,3,7
491,בארדיטשווסקי,1,0
492,באריסאוו,13,38
493,באריסוב,1,0
494,בארם,1,85
495,בארמען,1,0
496,בארנאם,1,1
497,בארעק,2,2
498,בארער,1,5
499,באשור,2,10
500,באשמינא,4,4
501,באתרוגי,1,105
502,בבאזינג,1,2
503,בבאזעל,2,13
504,בבאלטימארע,1,6
505,בבבל,1,188
506,בבגדיך,1,2
507,בבודא,2,14
508,בבוחרים,1,3
509,בביבליאטהעק,1,3
510,בביהדפ,1,0
511,בבייטהען,1,1
512,בבל,3,764
513,בבלוייסחבות,1,0
514,בבעמניץ,1,1
515,בברויסק,11,0
516,בברחם,1,12
517,בברלון,1,4
518,בבשורתשוא,1,0
519,בגאבעס,1,2
520,בגאטהענבורג,1,20
521,בגאטשין,2,1
522,בגאייא,2,3
523,בגאליפולי,1,3
524,בגאליציאן,1,0
525,בגדאד,4,136
526,בגדד,2,101
527,בגובערני,4,1
528,בגובערניא,1,5
529,בגורמניה,1,2
530,בגח,1,0
531,בגיטי,1,2
532,בגלייווי,1,2
533,בגליליה,1,2
534,בגעארגיע,1,1
535,בגערינו,1,0
536,בגראד,1,48
537,בגרד,1,3
538,בדארמשטאדט,1,11
539,בדוכסיות,1,8
540,בדזוז,1,2
541,בדיגא,1,4
542,בדיסק,2,1
543,בדלין,1,31
544,בדעסויא,1,4
545,בדפיס,1,4
546,בדרוס,1,3
547,בהאאזיסים,1,3
548,בהאג,1,3
549,בהאוניווערזי,1,2
550,בהאופראווא,1,1
551,בהאמניבוס,1,1
552,בהאנוי,3,6
553,בהאננאפער,3,5
554,בהארטום,1,2
555,בהארשיטץ,1,3
556,בהדרוש,1,6
557,בהוועלט,1,2
558,בהונ,1,0
559,בהיזראעליט,1,7
560,בהמבורג,1,26
561,בהמביט,1,1
562,בהמסופר,1,1
563,בהנדפסים,1,2
564,בהסע,1,0
565,בהספה,1,2
566,בהעצרם,1,4
567,בהעריכי,1,2
568,בהערינגען,3,2
569,בהפארלאסענט,1,1
570,בהפערלאג,1,5
571,בהקאנווענציאן,1,2
572,בהריגת,1,16
573,בהרפ,1,0
574,בהשמעקול,1,0
575,בהתגודדם,1,2
576,בהתוס,2,0
577,בהתקרבה,1,2
578,בהתראותו,1,3
579,בודא,2,43
580,בודאפעסט,1,154
581,בודאפעשט,1,12
582,בודלא,1,1
583,בודעו,1,1
584,בוואדשא,2,10
585,בווארנה,1,1
586,בוויינלאנד,1,14
587,בווירטעמבערג,1,8
588,בוועטליאנקע,1,1
589,בוועסט,5,2
590,בוחזקאל,1,2
591,בוחרי,1,31
592,בוטשאטש,2,5
593,בוטשאש,2,2
594,בויניציאה,3,2
595,בויסק,2,10
596,בויסקן,1,2
597,בולאיר,1,1
598,בולדתו,1,1
599,בולום,1,1
600,בולוניא,2,7
601,בוללות,2,3
602,בומבאי,3,2
603,בומבי,3,0
604,בומביי,1,5
605,בוניאק,1,4
606,בוספור,1,0
607,בופפאלא,1,3
608,בוק,2,7
609,בוקא,1,4
610,בוקאווינא,1,52
611,בוקאר,2,4
612,בוקארעסט,3,63
613,בוקארעשט,4,191
614,בוקארשט,3,0
615,בוקורעשט,1,2
616,בוקיר,1,3
617,בוקסטארף,1,17
618,בוקער,1,2
619,בוקערעשט,1,2
620,בוקקו,1,2
621,בוראפעסט,7,12
622,בורדעגידער,2,2
623,בורושלם,1,1
624,בורנאס,1,1
625,בורנער,1,1
626,בזאהרויא,1,1
627,בחאריך,2,2
628,בחברון,1,63
629,בחדושי,1,21
630,בחדשאלול,1,1
631,בחויש,1,1
632,בחומשים,2,4
633,בחישו,1,1
634,בחמי,1,27
635,בחניכם,1,1
636,בחרדתו,1,1
637,בטאלערא,1,3
638,בטואח,1,0
639,בטווער,1,4
640,בטיליגראף,1,2
641,בטעלו,1,0
642,בטעקסאם,1,1
643,בטראקי,2,3
644,בטרונאי,1,2
645,בטשערקאם,1,2
646,ביאג,1,0
647,ביאלאסטאק,3,8
648,ביאליסטאק,5,300
649,ביאלע,1,12
650,ביאסי,1,20
651,ביאפאניען,1,4
652,ביבליא,1,1
653,ביבני,1,2
654,בידודי,1,2
655,בידיד,1,4
656,בידעינו,1,2
657,ביוחסין,1,19
658,ביזינאווסקי,1,2
659,ביחאוו,1,0
660,ביחוב,2,12
661,ביטטענפעלד,1,3
662,ביטצאנץ,1,0
663,ביינה,1,10
664,ביינסין,1,2
665,בייראמטשא,5,5
666,ביירוט,2,39
667,ביירע,1,2
668,בילגוראדו,1,0
669,בילוגראדו,2,12
670,בילסק,12,4
671,בילעטע,1,1
672,בינארגוסאר,1,0
673,בינגען,1,5
674,ביניקאנסקי,1,3
675,בינשתי,1,2
676,ביעזין,3,2
677,ביעזינסקי,1,0
678,ביעי,1,16
679,ביעליצי,1,0
680,ביעלסק,19,30
681,ביצאנץ,1,27
682,בירושלם,1,1247
683,בירות,1,45
684,בירזעוויא,1,6
685,בירחתמוז,1,0
686,בירמינגהאם,1,30
687,בישתיה,1,2
688,ביתהמועד,2,0
689,ביתיד,1,1
690,ביתעקד,1,0
691,ביתקברות,1,0
692,בכהונהו,1,2
693,בכהרר,1,0
694,בכללין,2,1
695,בכלעירועיר,1,0
696,בכמוהר,2,1
697,בכריחות,1,4
698,בלאראכע,1,2
699,בלארים,1,2
700,בלואיזוויללע,1,1
701,בלויען,1,3
702,בלומ,3,0
703,בליווארנא,1,15
704,בליווארנו,2,2
705,בליורנא,1,1
706,בליטא,1,122
707,בליידען,1,6
708,בליממעל,1,0
709,בלימעון,1,0
710,בלינד,1,5
711,בליפסיא,1,3
712,בלעניעס,1,2
713,בלרוף,1,2
714,במאנדעבורג,1,2
715,במאננהיים,2,1
716,במאסקווע,1,11
717,במאצאגאן,1,2
718,במאראק,1,1
719,במבאי,1,3
720,במבי,1,3
721,במגאצין,1,6
722,במדיכת,1,3
723,במהריל,2,0
724,במהרשא,1,0
725,במוהרא,1,0
726,במוהרם,1,1
727,במונטפלייר,1,2
728,במחדש,1,3
729,במחזור,1,44
730,במיטילין,1,1
731,במיננען,1,1
732,במכילתן,1,7
733,במלאבת,1,1
734,במנוהמ,2,0
735,במסילותיו,1,1
736,במספרנו,1,0
737,במעהרן,4,4
738,במעהרען,1,11
739,במעלו,1,5
740,במעץ,1,11
741,במצ,1,5
742,במצלות,1,0
743,במצרים,1,1132
744,במקלאד,1,3
745,במרתפות,1,2
746,במשתולל,1,2
747,בנאומו,1,4
748,בנבשתי,1,3
749,בנבת,2,1
750,בנדאד,5,13
751,בנדה,1,18
752,בנדרים,1,37
753,בנוב,1,4
754,בנויניסטי,1,2
755,בנידה,1,2
756,בניהספרות,1,0
757,בנייא,1,22
758,בנייטוך,1,4
759,בניקופול,1,2
760,בניש,1,10
761,בנספחים,1,3
762,בנעאפאל,1,12
763,בנעאפעל,1,22
764,בנעוופארט,1,1
765,בנשינו,1,3
766,בנשמאל,1,1
767,בסאמבאר,1,1
768,בסאנדהורסט,1,2
769,בסאפי,1,1
770,בסאפיע,1,2
771,בסברתי,1,1
772,בסדורת,1,4
773,בסהורת,1,2
774,בסט,1,15
775,בסטאראדוב,1,4
776,בסיל,1,2
777,בסיליאה,1,5
778,בסכלתו,1,1
779,בסלאוויטא,1,5
780,בסס,1,7
781,בססס,1,2
782,בסעמפלין,2,0
783,בספח,1,3
784,בסקלאדין,1,6
785,בסרביא,1,55
786,בסרומי,1,2
787,בעגלייטעט,1,3
788,בעדאוו,1,0
789,בעדרא,1,0
790,בעהיים,1,0
791,בעהמן,1,7
792,בעהמען,2,150
793,בעהמער,2,3
794,בעהק,1,1
795,בעווייזען,1,3
796,בעזכם,1,2
797,בעזעטצט,1,5
798,בעטאןפליסע,1,0
799,בעטטנער,1,4
800,בעיבורה,1,2
801,בעיהר,1,0
802,בעית,2,12
803,בעלגיה,1,15
804,בעלז,2,23
805,בעליעהען,1,0
806,בעללין,1,0
807,בעלפאסט,4,8
808,בעלץ,7,7
809,בענדאן,1,2
810,בענדין,3,9
811,בענדער,1,31
812,בענדערי,2,6
813,בענדר,1,1
814,בענזיסהיים,1,0
815,בעניע,1,2
816,בענציאן,1,2
817,בעסא,1,1
818,בעסאזטאדיר,1,0
819,בעסאראביא,2,13
820,בעסטאסארטירטעס,1,9
821,בעססאראביען,1,14
822,בעססארביה,1,2
823,בעענדיגונג,1,3
824,בעפירום,1,2
825,בעצירקסראבבינער,1,2
826,בעקאנגטע,1,1
827,בעקאננטליך,1,6
828,בעקערמאנן,1,4
829,בערגטהייל,1,2
830,בערגיני,1,0
831,בערדיאנסק,1,10
832,בערדיטשב,4,0
833,בערדיטשוב,4,52
834,בערדיטשעוו,1,4
835,בערז,1,3
836,בערזאווקא,1,2
837,בערטראם,1,3
838,בעריג,1,1
839,בערלאד,2,32
840,בערלין,4,870
841,בערליןוויען,2,0
842,בערלינסקי,1,2
843,בערן,1,47
844,בערנאים,1,1
845,בערנשטאדט,3,2
846,בערעזינקע,1,3
847,בערקעליי,2,3
848,בערקען,1,3
849,בערריטשוב,1,4
850,בערשאד,2,2
851,בעתותם,1,1
852,בפאזעוואלק,1,2
853,בפאקשאן,1,6
854,בפאראליען,1,4
855,בפארדעדע,1,2
856,בפארובה,1,5
857,בפארץ,1,2
858,בפגעה,1,2
859,בפהילידאלפהיא,4,5
860,בפוכקים,1,0
861,בפולדא,1,10
862,בפטרסבורג,1,7
863,בפיורדא,2,4
864,בפינלאנדוכו,1,0
865,בפירארא,2,4
866,בפלך,1,777
867,בפמו,1,1
868,בפסחים,1,76
869,בפסקא,1,22
870,בפעטערס,1,2
871,בפערעיאססלאוו,1,1
872,בפפדמ,1,0
873,בפפרמ,1,0
874,בפראגע,1,6
875,בפראגראם,1,3
876,בפראנ,1,0
877,בפראנא,1,4
878,בפראנקפורט,1,242
879,בפראסקוראוו,2,3
880,בפרמא,1,3
881,בפרנקפורט,2,8
882,בצופוט,1,3
883,בצידקתו,1,4
884,בצינצינאטי,1,27
885,בצלאלהכהן,1,0
886,בצנ,1,1
887,בצן,1,0
888,בצעטיניע,1,4
889,בקאטאפאקסי,1,3
890,בקאיהרא,1,2
891,בקאלאבאזא,1,2
892,בקאליפאר,1,0
893,בקאמיענעץ,1,2
894,בקאמניץ,1,5
895,בקאנסטאנטינפול,1,0
896,בקאס,1,1
897,בקאראלאווקא,2,3
898,בקדבר,1,2
899,בקווקז,1,0
900,בקונסילאט,1,2
901,בקורנסו,1,2
902,בקיביטקא,1,2
903,בקיע,1,2
904,בקלקולה,2,1
905,בקמד,1,0
906,בקעללן,1,1
907,בקראס,1,1
908,בקראסובאזא,1,2
909,בקראקויא,4,13
910,בקרקא,1,3
911,בראגאדין,2,1
912,בראדי,1,240
913,בראדסטעהרם,2,1
914,בראדסטעהרס,1,2
915,בראדפארד,4,3
916,בראוואר,2,1
917,בראזיליא,1,26
918,בראילא,2,27
919,בראילוב,1,2
920,בראנדיים,1,1
921,בראנדשטעטער,1,1
922,בראסלאווסקי,1,1
923,ברארי,1,4
924,ברגנשבורג,1,2
925,ברדח,1,0
926,ברדיטשוב,2,88
927,ברהן,1,2
928,ברוי,1,10
929,ברוכלין,1,2
930,ברוךשלמה,1,0
931,ברומיליען,1,2
932,ברונא,1,8
933,ברוססא,5,16
934,ברוססעל,2,1
935,ברוצות,1,3
936,ברוקלין,1,2
937,ברזאני,1,1
938,ברזעזין,9,3
939,ברחיבות,1,3
940,בריטאניע,1,13
941,בריטבא,1,0
942,ברייטאן,9,6
943,ברייכענבאך,1,2
944,בריינסק,2,19
945,ברינא,1,8
946,ברינדיזי,1,6
947,ברינן,3,14
948,בריססלאנד,1,1
949,בריססעל,1,129
950,בריסעל,7,26
951,בריסק,1,266
952,בריקלין,1,2
953,בריקע,1,2
954,ברירתו,2,0
955,ברליגער,1,4
956,ברליגר,2,5
957,ברלין,2,3300
958,ברליןנו,1,0
959,ברמית,1,2
960,ברנ,1,0
961,ברנן,1,3
962,ברסה,1,1
963,ברסלוי,1,3
964,ברעזא,2,5
965,ברעזי,1,5
966,ברעזין,1,8
967,ברעזיע,1,3
968,ברעזען,1,1
969,ברעיך,1,2
970,ברעמבאוויצא,1,3
971,ברעמגארטען,25,1
972,ברעמען,5,83
973,ברעמער,1,1
974,ברעסטאוויץ,5,10
975,ברעסטיצקע,2,2
976,ברעסלא,4,32
977,ברעסלאו,6,10
978,ברעסלאוי,1,2
979,ברעסלוי,6,90
980,ברעסלויא,4,103
981,ברפסודה,1,1
982,ברצלונה,2,13
983,ברשעתה,1,1
984,ברתיה,1,2
985,בשארלאטטענבורג,1,4
986,בשהג,1,0
987,בשוויץ,1,14
988,בשוועדע,2,2
989,בשווערין,1,3
990,בשוטלא,1,1
991,בשוכי,1,2
992,בשונאינו,1,1
993,בשועה,1,2
994,בשטוהלווייסענבורג,1,2
995,בשטוטטגארט,1,5
996,בשיפנאססע,1,2
997,בשכוע,1,11
998,בשלפה,1,4
999,בשמינית,1,13
1000,בשעח,1,1
1001,בתוככי,1,135
1002,בתיספתא,1,2
1003,בתיר,1,7
1004,בתלג,1,0
1005,בתלגרמא,1,7
1006,בתנחומא,1,19
1007,גאוואיע,1,11
1008,גאוויגראד,1,1
1009,גאוויץ,1,2
1010,גאועטא,1,1
1011,גאזעטטא,1,13
1012,גאזעפפע,1,2
1013,גאחזו,1,5
1014,גאטאן,1,2
1015,גאטאנזאהן,1,3
1016,גאטהענבורג,3,14
1017,גאטינגען,1,2
1018,גאטליעב,1,3
1019,גאי,1,5
1020,גאלאבי,2,1
1021,גאלאוואנעווסקי,3,5
1022,גאלאטה,1,3
1023,גאלאטן,11,1
1024,גאלאטץ,2,52
1025,גאלאץ,2,33
1026,גאלגאן,2,1
1027,גאלדמאנן,1,21
1028,גאלדציעהער,2,5
1029,גאלדשלענער,1,2
1030,גאלדשניטט,1,5
1031,גאלוועסטאן,5,5
1032,גאליווקי,1,1
1033,גאליציא,1,230
1034,גאליציה,1,60
1035,גאליצייא,1,2
1036,גאליציע,1,30
1037,גאליציען,1,265
1038,גאליקו,3,2
1039,גאללוס,1,2
1040,גאלעמב,6,1
1041,גאלרשטערן,1,0
1042,גאמבעטע,1,2
1043,גאמע,1,5
1044,גאנדאווא,1,1
1045,גאסלער,1,6
1046,גאעעממערינג,1,2
1047,גאראד,1,5
1048,גאראדיע,3,1
1049,גאראדישטש,1,1
1050,גארדא,1,6
1051,גארן,1,45
1052,גארניער,1,2
1053,גארפינקל,1,1
1054,גבהל,1,2
1055,גדדו,1,24
1056,גדלתיך,1,1
1057,גדרת,1,1
1058,גהיראן,2,0
1059,גואטינדארף,1,3
1060,גובע,1,5
1061,גובערגיע,1,6
1062,גובערני,1,20
1063,גובערנע,1,23
1064,גוברנטור,1,3
1065,גוגענהיימער,3,4
1066,גודים,3,2
1067,גוזלווא,2,2
1068,גוטטמאכער,1,12
1069,גוטטער,1,2
1070,גויא,1,2
1071,גולעטטא,1,1
1072,גולשא,1,2
1073,גומבין,2,4
1074,גומבינען,1,1
1075,גונדי,1,2
1076,גועוימת,1,0
1077,גורגסתאן,1,2
1078,גורטיגאלי,1,2
1079,גורטינאלי,1,0
1080,גזילה,1,11
1081,גזלה,1,26
1082,גיגובה,2,2
1083,גיזשנינאווגאראד,1,0
1084,גיטעלמאכער,1,3
1085,גייס,1,0
1086,גימינאזיום,1,1
1087,גינובה,1,13
1088,גינז,1,7
1089,גיסא,1,43
1090,גיסטראוו,1,1
1091,גירטיגאלי,1,3
1092,גירנבערג,1,5
1093,גירעדיאאז,1,2
1094,גיש,1,20
1095,גלאגוי,1,9
1096,גלאדשטאן,1,15
1097,גלאזגאוו,1,17
1098,גלאזנאוו,1,2
1099,גלאסנאוו,3,5
1100,גלדה,1,1
1101,גלויבערמאן,1,1
1102,גלוכאוו,1,3
1103,גליציא,1,13
1104,גלמנית,1,3
1105,גנבה,1,69
1106,גנזק,1,1
1107,גניבה,1,54
1108,גנעזען,3,6
1109,געארגען,1,4
1110,געבארענע,1,4
1111,געדינג,8,3
1112,געהיימפאליציי,2,0
1113,געזעצ,1,0
1114,געטראגען,1,5
1115,געמירוב,1,3
1116,גענאא,1,4
1117,גענוא,1,25
1118,גענווער,1,0
1119,גענט,2,7
1120,געניוור,1,2
1121,גענף,1,26
1122,גערבא,1,2
1123,גערגעל,1,3
1124,גערמערסהיים,1,1
1125,גערסטע,1,3
1126,גערשעל,1,7
1127,געשעפטם,2,2
1128,גראדנא,15,154
1129,גראדנער,1,9
1130,גראייעווא,1,5
1131,גראייעווע,2,7
1132,גראיעווא,3,12
1133,גראנאדא,2,17
1134,גראסבערגער,1,1
1135,גראסווארדיין,4,5
1136,גראססהאנדלונג,1,3
1137,גראעטץ,1,3
1138,גראעץ,1,1
1139,גראפסקאי,1,3
1140,גרבה,1,2
1141,גרדיה,1,0
1142,גרדיטץ,1,2
1143,גרוישבערג,2,2
1144,גרותנו,1,0
1145,גרזיבאווסקא,1,19
1146,גריבאווסקי,1,0
1147,גריווא,2,1
1148,גריידינק,1,1
1149,גריידיץ,1,3
1150,גריילסהיים,6,1
1151,גרייפסוואלד,2,1
1152,גרינבארג,1,3
1153,גרינהויז,1,2
1154,גריצא,1,2
1155,גרירץ,2,3
1156,גרניק,1,0
1157,גרעעקע,1,0
1158,גשן,1,3
1159,גתך,1,2
1160,דאבבא,1,2
1161,דאביו,1,1
1162,דאבניק,1,1
1163,דאבראוונע,1,2
1164,דאברוסקין,1,2
1165,דאגוישטראססע,1,9
1166,דאוויזאהן,1,1
1167,דאוויר,2,3
1168,דאווירסאן,1,1
1169,דאחים,1,2
1170,דאיילי,1,4
1171,דאלאד,1,2
1172,דאלגארוקיא,1,2
1173,דאלהינוב,1,2
1174,דאלינא,1,4
1175,דאללאנד,1,1
1176,דאלמאטיה,1,2
1177,דאלעשיץ,1,2
1178,דאמאנהור,2,3
1179,דאמאר,1,0
1180,דאמבאריץ,2,2
1181,דאמבראווא,2,3
1182,דאמבראווע,1,4
1183,דאמסנאט,3,1
1184,דאנציג,2,128
1185,דאפער,1,3
1186,דאפפע,1,1
1187,דאפר,1,1
1188,דאקא,1,2
1189,דאקטער,1,22
1190,דאקין,1,2
1191,דאקשיץ,1,11
1192,דאראבנא,2,3
1193,דאראהים,1,2
1194,דארדאגעלל,2,1
1195,דארדאנעלל,1,0
1196,דארה,1,1
1197,דארמשטארט,1,3
1198,דארפאט,1,7
1199,דאתא,2,15
1200,דבהמתא,1,0
1201,דביהכ,1,0
1202,דבריהימיםצרפתשאלת,1,0
1203,דבריוגם,1,0
1204,דבשעת,1,7
1205,דבתראי,1,1
1206,דגיעוו,1,0
1207,דגיעווניק,1,7
1208,דדשות,1,2
1209,דהובא,1,2
1210,דהכי,1,29
1211,דהלכה,1,17
1212,דהרן,1,0
1213,דובאסאר,1,11
1214,דובזעוויץ,4,5
1215,דוביסאר,2,4
1216,דובנא,3,98
1217,דובראוונא,1,33
1218,דוואלאזין,1,4
1219,דויקע,1,2
1220,דומיאת,1,2
1221,דונאסערדאהעללי,3,0
1222,דופ,1,7
1223,דוקאר,1,2
1224,דוקעם,1,4
1225,דורוהוי,6,2
1226,דזאגער,1,3
1227,דזהו,1,12
1228,דזואיש,1,6
1229,דזויז,1,6
1230,דזיא,1,0
1231,דזיאלישיץ,1,1
1232,דזם,1,1
1233,דזעפערסאהן,1,2
1234,דטומאת,1,2
1235,דטיטוס,2,2
1236,דיאזע,1,4
1237,דיארמאט,1,2
1238,דיגא,2,35
1239,דיהא,1,8
1240,דיהרנפורט,1,0
1241,דיוואניעה,1,2
1242,דיופער,1,4
1243,דיזאן,1,4
1244,דיטשלאנד,1,0
1245,דייטשלאנד,1,75
1246,דייטשקראנע,2,0
1247,דיכטונג,1,2
1248,דיליאן,1,5
1249,דיליגראד,1,1
1250,דילן,1,13
1251,דימייעווקי,1,7
1252,דימיעווקא,1,5
1253,דינאבורג,7,101
1254,דינאוויץ,2,23
1255,דינגען,1,2
1256,דיסלער,1,1
1257,דיסנא,5,41
1258,דיססעלדארף,1,5
1259,דיעפענבאך,1,2
1260,דיפלאמאטען,1,1
1261,דיקו,1,2
1262,דיריי,1,3
1263,דירינבורג,1,1
1264,דירקהיים,1,17
1265,דירשוי,1,2
1266,דכוס,2,2
1267,דכלי,1,2
1268,דלדידהו,1,4
1269,דלמה,1,11
1270,דמב,1,0
1271,דמגלה,2,13
1272,דמוקמינן,1,5
1273,דמיטראווקא,1,1
1274,דמיטראווקע,2,5
1275,דמיין,2,84
1276,דמיינץ,1,2
1277,דמלוכה,1,2
1278,דממנ,1,0
1279,דמנטובה,1,2
1280,דמנינא,1,2
1281,דמפואר,2,3
1282,דמצוות,1,4
1283,דמשוה,1,3
1284,דמשק,2,202
1285,דמתחלה,1,2
1286,דמתניתין,1,18
1287,דניעוו,1,0
1288,דנכרי,1,8
1289,דנעפר,1,2
1290,דנפקא,1,7
1291,דסוכה,1,12
1292,דסנהררין,1,1
1293,דעברע,1,0
1294,דעברעצין,1,2
1295,דעדאוושטינע,1,1
1296,דעדת,2,10
1297,דעהק,1,0
1298,דעטמאלד,1,3
1299,דעטראיט,1,4
1300,דעיהק,2,0
1301,דעליסיע,1,2
1302,דעמעטרי,1,2
1303,דענווער,1,4
1304,דענמארק,1,5
1305,דעסוי,1,1
1306,דעסויא,4,3
1307,דעסויער,1,2
1308,דעסיא,1,2
1309,דעססא,1,3
1310,דעססאו,1,2
1311,דעססויער,2,9
1312,דעעש,2,1
1313,דעצעמבר,1,536
1314,דעקאטא,1,2
1315,דערים,1,4
1316,דערפט,2,2
1317,דפהק,1,0
1318,דפהקק,1,0
1319,דפט,1,0
1320,דפס,1,7
1321,דפסודות,1,2
1322,דצד,1,0
1323,דציה,1,1
1324,דקדמה,1,2
1325,דקדקירא,1,2
1326,דקוטנא,1,2
1327,דקמא,2,1
1328,דראביטש,1,0
1329,דראבנער,1,0
1330,דראהאביטש,3,1
1331,דראהביטטש,1,0
1332,דראהביטש,12,27
1333,דראהיטשין,1,2
1334,דראזינאי,1,1
1335,דראזניע,1,2
1336,דראזשנע,1,3
1337,דראזשען,1,2
1338,דרבנד,3,6
1339,דרויע,1,1
1340,דרוקער,1,5
1341,דרייפוסס,1,7
1342,דריססא,6,7
1343,דרסח,1,2
1344,דרעזדען,1,64
1345,דרעזרען,2,6
1346,דרעטשין,1,8
1347,דרענט,1,1
1348,דרענטלען,1,7
1349,דרשטיינטהאל,1,0
1350,דרתא,1,10
1351,דשאני,1,22
1352,דשבם,1,0
1353,דשכבה,2,0
1354,דתלוי,1,4
1355,דתנאי,1,10
1356,דתנפלו,1,2
1357,דתתנו,3,0
1358,האאג,6,27
1359,האבדקק,2,0
1360,האבס,1,0
1361,האג,1,12
1362,האגאג,1,1
1363,האגיטורא,1,2
1364,האגען,3,15
1365,האגענוי,2,3
1366,האדזענט,1,1
1367,האדיץ,1,3
1368,האדעסקי,1,3
1369,האהיב,1,1
1370,האהענעמס,1,3
1371,האווער,3,7
1372,האויבוסס,1,5
1373,האולטראמאנטאני,1,3
1374,האוקספורדי,1,6
1375,האוקציאן,1,2
1376,האורזולוניות,1,2
1377,האורטעדקסים,1,2
1378,האחיםווינטער,1,0
1379,האטימסק,1,5
1380,האטצנער,1,5
1381,האיברופא,1,2
1382,האיידיעה,1,0
1383,האייסין,23,3
1384,האינטעללינענץ,1,2
1385,האיעס,1,4
1386,האכפעלדען,1,7
1387,האלאוואניעסק,1,2
1388,האלבערשטאדט,2,68
1389,האלברשטאדט,1,0
1390,האלטא,1,6
1391,האלי,1,6
1392,האליטש,1,3
1393,האללע,1,29
1394,האלמאן,1,0
1395,האלמכה,1,2
1396,האמב,1,6
1397,האמבורג,1,620
1398,האמבורסקי,2,20
1399,האמטמאן,1,2
1400,האמילטון,2,2
1401,האמלע,3,0
1402,האממערשטיין,3,7
1403,האמעל,7,18
1404,האמעריק,1,2
1405,האנאווער,2,33
1406,האנגקאנג,1,4
1407,האנדלאווא,1,3
1408,האנדעלסמיניסטעריוםס,1,0
1409,האנדעלסשולעגימנאזיום,1,0
1410,האנדעלשטאדטען,1,10
1411,האנדען,1,2
1412,האנויא,1,1
1413,האנז,1,4
1414,האנטיסימיט,1,14
1415,האננאווער,1,14
1416,האננאפער,9,10
1417,האסיווקא,1,1
1418,האסיין,1,1
1419,האסלאוויטץ,1,4
1420,האסקייויי,1,4
1421,האסקימאס,1,2
1422,האפאליע,2,0
1423,האפפנונג,1,7
1424,האפשטאטטער,1,16
1425,האקטער,1,6
1426,האקרמיה,1,2
1427,האראדאק,12,20
1428,האראדישץ,8,12
1429,האראוויץ,1,25
1430,האראק,1,1
1431,האראשץ,1,7
1432,הארטודוקסיות,1,2
1433,הארטודוקסים,1,2
1434,הארטום,2,5
1435,הארטון,1,4
1436,הארינשטיין,1,14
1437,הארלאווסקי,1,0
1438,הארסאן,2,2
1439,הארץהזאת,1,0
1440,הארקאב,1,5
1441,הארקאוו,1,52
1442,הארקוב,1,15
1443,הארקי,1,18
1444,הארריזאהן,1,2
1445,הארשאן,1,2
1446,הארשיטן,9,0
1447,הארשין,7,13
1448,הארשיץ,4,18
1449,האשט,4,10
1450,האשטשיוואטא,1,1
1451,האשכמים,1,2
1452,האשע,1,2
1453,האתרוגים,1,299
1454,האתרונים,1,288
1455,הבאנקדירעקטאר,1,3
1456,הבאנקיע,1,2
1457,הבאסס,1,1
1458,הבארבארית,1,2
1459,הבהבן,1,0
1460,הביבליותיקר,1,1
1461,הבידה,6,14
1462,הבירות,1,15
1463,הבניעה,1,2
1464,הבעלגיא,1,2
1465,הברזליומא,1,0
1466,הבתאללה,1,1
1467,הג,1,623
1468,הגאטאריוס,1,2
1469,הגבהות,1,1
1470,הגביד,1,11
1471,הגביר,1,3755
1472,הגבעת,1,2
1473,הגלאב,1,2
1474,הגרוח,1,2
1475,הדאגאוי,1,1
1476,הדאגוי,1,25
1477,הדאנאוי,1,3
1478,הדאצענט,1,6
1479,הדרעה,1,0
1480,הדרשזהה,1,0
1481,הדרתכם,1,2
1482,ההג,1,61
1483,ההידעות,1,3
1484,ההערצאגאווינא,1,2
1485,ההפטורת,1,3
1486,ההריבו,1,2
1487,ההשכלא,1,1
1488,הואתושב,1,0
1489,הובח,1,2
1490,הובך,1,2
1491,הובן,2,2
1492,הוגר,1,3
1493,הודו,1,1689
1494,הוואדאן,2,3
1495,הוואיענני,1,2
1496,הוואנדאלען,1,6
1497,הוויכסעל,2,1
1498,הוויצעגראף,1,2
1499,הוועלאסיפעד,1,2
1500,הויסטאן,3,2
1501,הויפמאן,1,2
1502,הוכתר,1,3
1503,הולאנד,2,41
1504,הולאנדיא,1,28
1505,הוללאנד,1,59
1506,הולנדיא,1,9
1507,הומבורג,1,2
1508,הומונא,1,0
1509,הומתה,1,18
1510,הופי,1,21
1511,הוראדאק,4,4
1512,הוראדגא,1,1
1513,הוראדנא,11,244
1514,הוראזדעוו,1,3
1515,הוראנדא,1,1
1516,הורארנא,11,5
1517,הורדאק,1,0
1518,הורדנא,3,5
1519,הורודוק,1,1
1520,הורודנא,1,2
1521,הורוויץהרב,1,0
1522,הורתהו,1,5
1523,הושחר,1,2
1524,הזאבי,1,4
1525,הזאתומאז,1,0
1526,הזהבית,1,2
1527,הזואיש,1,1
1528,הזוב,1,3
1529,הזומם,1,3
1530,הזרובבל,1,3
1531,החוקרדין,1,0
1532,החזקם,1,0
1533,החיף,1,9
1534,החמשמגילותנדפסועםפרשיהראבעוספרנוועםתולדות,1,0
1535,החצור,2,2
1536,החרית,1,1
1537,החשבוןיעלה,1,0
1538,הטובום,1,1
1539,הטורקייא,1,3
1540,הטמינוה,1,2
1541,הטעכנ,1,1
1542,היאנקים,1,3
1543,הידרע,1,2
1544,היהודה,1,6
1545,היהודיע,1,2
1546,היוחבר,1,1
1547,היידעלבערג,1,18
1548,היידעראבאד,1,0
1549,הייזע,1,3
1550,היילווארג,1,0
1551,היילמאנן,1,1
1552,היימים,1,2
1553,היינ,1,9
1554,היינעמאן,1,2
1555,הילדעסהיים,1,5
1556,היללעה,1,3
1557,הילקוטי,1,2
1558,הימאד,1,6
1559,הימנם,1,0
1560,היניק,1,3
1561,היצו,1,1
1562,הירבען,2,3
1563,הירדים,1,2
1564,הירצפעלד,1,2
1565,הירשדיינאוו,1,2
1566,הירשכהנא,1,1
1567,היתגדל,1,2
1568,הכאימכאם,1,2
1569,הכופ,1,0
1570,הכחשותיהם,1,1
1571,הכירוחו,1,3
1572,הכירתו,1,2
1573,הכלן,1,3
1574,הכשדים,1,34
1575,הכתיו,1,4
1576,הכתנים,1,3
1577,הלאדזער,1,1
1578,הלאשמעת,1,0
1579,הלבשט,1,0
1580,הלואו,1,2
1581,הלוועד,1,2
1582,הלוחט,1,2
1583,הלוסק,1,3
1584,הלכבוד,1,2
1585,הלקהח,1,0
1586,המאהנ,1,0
1587,המאורש,2,2
1588,המאירי,2,14
1589,המארמארי,1,38
1590,המבורג,1,31
1591,המגא,1,0
1592,המגבר,1,2
1593,המגידפשע,1,0
1594,המדאן,2,7
1595,המדנות,1,3
1596,המוזכר,1,40
1597,המומחין,1,2
1598,המוצעת,1,7
1599,המורקי,1,4
1600,המחדרים,1,17
1601,המחרץ,1,2
1602,המילארדים,1,3
1603,המיסיסיפי,1,0
1604,הממוצעה,1,2
1605,המסוות,1,2
1606,המעוטרה,1,3
1607,המעלניק,13,14
1608,המעתים,1,2
1609,המפענת,1,2
1610,המריכה,1,2
1611,המרשא,1,0
1612,המשוכח,2,3
1613,המתנאה,1,5
1614,המתנוררים,1,4
1615,המתעכב,1,2
1616,המתקתי,1,2
1617,הנאבדקק,1,0
1618,הנאביד,1,2
1619,הנאו,1,7
1620,הנבאים,1,13
1621,הנדפסי,1,2
1622,הנהלם,1,2
1623,הנובר,3,3
1624,הנויתי,1,2
1625,הנותגת,1,4
1626,הנותעים,1,1
1627,הנחפר,1,4
1628,הנכנו,1,2
1629,הנראת,1,2
1630,הנרעד,1,1
1631,הנתינים,1,9
1632,הסאבאר,1,0
1633,הסאציאליסט,1,14
1634,הסארטי,1,3
1635,הסגינהור,1,0
1636,הסוביל,1,2
1637,הסטוכה,1,3
1638,הסיראוויץ,1,2
1639,הסמארגאני,1,1
1640,הסערב,2,1
1641,הסעתיק,1,1
1642,הספקם,1,1
1643,הספריםהאלה,1,0
1644,הסקלאדניקעס,1,0
1645,העברעישעס,1,3
1646,העטור,1,26
1647,העטיפה,1,2
1648,העיהק,1,0
1649,העירותיכם,1,2
1650,העכטהיים,2,2
1651,העלזינגפארס,14,10
1652,העלימיאזאוו,1,2
1653,העלעמיאזאוו,1,1
1654,הענא,1,3
1655,הענטשין,1,2
1656,העניך,1,78
1657,הענשל,1,2
1658,העססען,1,42
1659,העססעןדארמשטאדט,1,0
1660,העסקאנט,1,1
1661,העעדע,1,3
1662,העערינגע,1,9
1663,העפהעפ,1,0
1664,העפלי,1,8
1665,העקארד,1,16
1666,העראגליפים,1,0
1667,העראלר,1,0
1668,הערוני,1,2
1669,העריע,1,2
1670,הערמאנאוויץ,1,2
1671,הערמאנאווקע,1,5
1672,הערסאן,4,110
1673,הערצאגא,1,2
1674,הערציקאוו,1,0
1675,הערצעגא,1,0
1676,הערצעגאווינים,1,1
1677,הערקי,1,4
1678,הפוריים,1,2
1679,הפטרות,1,5
1680,הפעטערבורגים,1,3
1681,הפקידוהו,1,8
1682,הפראוו,1,4
1683,הפראוויזארים,1,1
1684,הפראוויט,1,0
1685,הפראטעקטאר,1,1
1686,הפראף,1,0
1687,הפראפעססורים,1,2
1688,הפרופיסוו,1,2
1689,הפרזים,1,8
1690,הפריסודסטווא,1,2
1691,הפרישים,1,2
1692,הפשטן,1,2
1693,הצולם,1,2
1694,הצופיות,1,7
1695,הציויל,1,1
1696,הצייד,1,2
1697,הצינים,1,11
1698,הצליו,1,2
1699,הצרון,1,1
1700,הצרפהים,1,2
1701,הקאממוניסטין,1,1
1702,הקאממיססיע,1,2
1703,הקאנטארע,1,2
1704,הקאססאציאן,1,1
1705,הקאפיע,1,2
1706,הקארא,1,1
1707,הקאשטאן,1,1
1708,הקוריאו,1,3
1709,הקורפיר,1,0
1710,הקיטו,1,2
1711,הקלאסטער,1,1
1712,הקניזי,1,1
1713,הקסריית,1,2
1714,הקעלנ,1,0
1715,הקרוכה,2,7
1716,הראדאק,1,2
1717,הראטשילדי,1,0
1718,הראיבה,1,2
1719,הראיש,1,5
1720,הרבבי,1,8
1721,הרדמ,1,0
1722,הרהצ,1,0
1723,הרובישוב,1,2
1724,הרובשוב,2,5
1725,הרודאק,1,0
1726,הרודנא,4,0
1727,הרופארר,1,0
1728,הרחכת,1,2
1729,הריט,1,2
1730,הרלז,2,0
1731,הרלח,2,0
1732,הרלט,6,0
1733,הרלכג,3,0
1734,הרלפ,1,0
1735,הרעזערווא,1,2
1736,הרצא,2,0
1737,הרצגטום,1,2
1738,הרקוב,2,1
1739,הרר,1,29
1740,הרשזחה,1,0
1741,השאלתות,1,9
1742,השובנות,1,3
1743,השווייציות,1,2
1744,השורת,1,2
1745,השושנתא,1,2
1746,השטאאטסאנוואלט,1,5
1747,השטאב,1,8
1748,השטאטהאלטער,1,2
1749,השטאטיסק,2,2
1750,השיגתו,1,0
1751,השמוכה,1,2
1752,השניי,1,5
1753,השנישל,1,0
1754,השנתת,1,2
1755,השקמה,1,2
1756,התבארה,1,2
1757,התדלה,3,1
1758,התחתונית,1,2
1759,התית,1,7
1760,התלז,2,0
1761,התלע,1,0
1762,התנודרה,1,3
1763,התקטנה,1,2
1764,התרגוםאונקלםנדפס,1,0
1765,התרל,2,2
1766,התרלד,2,2
1767,התרלה,2,3
1768,התרלו,1,6
1769,התרלח,1,0
1770,התרלט,1,0
1771,התרליט,1,2
1772,התרלת,1,0
1773,התרם,1,2
1774,התרמה,2,1
1775,התרמיא,1,1
1776,התרס,3,0
1777,התשכץ,1,0
1778,ואבהעז,1,0
1779,ואבראהאם,1,0
1780,ואבראמאוויטש,2,1
1781,ואגפיהם,1,2
1782,ואהע,1,0
1783,ואהריו,1,2
1784,ואודת,1,2
1785,ואויתי,1,2
1786,ואזה,1,2
1787,ואחייהו,1,3
1788,ואחק,1,0
1789,ואיוואנגראד,1,2
1790,ואייציוו,1,1
1791,ואיתרע,1,1
1792,ואלטאנא,2,3
1793,ואלעפא,1,3
1794,ואמד,1,0
1795,ואמרכלי,1,36
1796,ואססי,1,6
1797,ואקספארד,1,0
1798,ואקריינא,1,4
1799,ואקריירי,1,2
1800,וארטער,1,2
1801,וארם,2,53
1802,וארמונו,1,6
1803,וארעך,1,2
1804,וארשא,5,27
1805,וארשויא,2,8
1806,ואשור,1,14
1807,ואתרוגי,2,20
1808,ובאברויסק,2,3
1809,ובאלטימארע,2,0
1810,ובאסגיע,1,2
1811,ובארובות,1,2
1812,ובבל,1,48
1813,ובגדולתו,1,2
1814,ובהובלתם,1,2
1815,ובהודיע,1,6
1816,ובהורי,1,2
1817,ובהמבצר,2,2
1818,ובהערות,1,10
1819,ובהקולוניות,1,3
1820,ובהרוגי,1,2
1821,ובחארקאוו,1,2
1822,ובחות,1,2
1823,ובחזרה,1,5
1824,וביאליסטאק,2,3
1825,וביוחסין,3,2
1826,וביירוט,2,8
1827,וביפפעט,1,2
1828,ובירת,1,15
1829,ובכורות,1,3
1830,ובכלבו,1,2
1831,ובלטימארע,1,3
1832,ובלקוטים,1,2
1833,ובמאראקא,1,2
1834,ובמבוא,2,11
1835,ובמדריגה,1,2
1836,ובמהלכו,1,2
1837,ובמחכה,1,0
1838,ובמחלוקת,1,1
1839,ובממ,1,0
1840,ובמנהיג,2,1
1841,ובמס,1,1
1842,ובמסלתו,1,2
1843,ובמצבתו,1,1
1844,ובמצרים,1,30
1845,ובנוסס,1,2
1846,ובנתנו,1,4
1847,ובסביבי,2,3
1848,ובסגנונו,1,5
1849,ובסגרו,1,2
1850,ובסיועתי,2,2
1851,ובסנהדרין,1,15
1852,ובעאקאנספיעלד,1,1
1853,ובעהמען,1,9
1854,ובעכו,1,2
1855,ובעססארביה,1,5
1856,ובערדיטשוב,1,1
1857,ובעריהם,1,1
1858,ובפורטוגאל,1,4
1859,ובפליאות,1,2
1860,ובפקודות,1,10
1861,ובפראנקפורט,1,5
1862,ובקאנסטאנטינאפיל,1,3
1863,ובקקוה,1,2
1864,וברחב,1,7
1865,ובריסק,1,4
1866,וברמבם,1,0
1867,וברפתים,1,3
1868,וברשיום,1,4
1869,ובשגת,1,4
1870,ובתונים,2,1
1871,ובתוספתא,1,15
1872,וגאליציע,1,4
1873,וגאלתיך,1,2
1874,וגוועים,1,3
1875,וגזלה,1,9
1876,וגירה,3,2
1877,וגלאזגאוו,1,3
1878,וגליציא,1,1
1879,ודאקטא,1,0
1880,ודינגאאן,1,2
1881,ודינעוויץ,1,0
1882,ודיען,1,2
1883,ודיקני,1,0
1884,ודלילה,1,2
1885,ודענעמארק,1,9
1886,והאוני,1,2
1887,והאוקציאן,1,2
1888,והאיכרים,1,9
1889,והארדיכל,1,2
1890,והארן,1,1
1891,והארקאוו,1,3
1892,והבוספורוס,1,2
1893,והבמחון,1,0
1894,והג,1,45
1895,והגאבד,2,0
1896,והגאין,1,5
1897,והגחלים,1,2
1898,והגראן,1,2
1899,והגראפען,1,3
1900,והדוכיפת,1,1
1901,וההרדה,1,2
1902,והובי,1,0
1903,והוואלאכים,1,3
1904,והווארלד,1,1
1905,והוראדנא,1,16
1906,והטאטארען,1,3
1907,והטשערקעססים,1,1
1908,והידועה,1,2
1909,והיללא,2,0
1910,והמדפיס,1,17
1911,והמושיע,1,2
1912,והמזייפים,1,2
1913,והמחוזים,1,2
1914,והממשלהאשר,1,0
1915,והמעטירה,1,6
1916,והמערכים,1,3
1917,והמשניות,1,3
1918,והנגב,1,7
1919,והנחלאים,1,1
1920,והנפחים,1,2
1921,והעירות,1,23
1922,והענמים,1,4
1923,והעראט,2,7
1924,והערים,1,155
1925,והערצאגא,1,3
1926,והערצאנא,1,1
1927,והערצעגא,1,1
1928,והערצענא,1,2
1929,והפגישה,1,5
1930,והפקדנו,1,4
1931,והצגתי,1,7
1932,והצטידה,1,2
1933,והציריה,1,1
1934,והקולוניות,1,10
1935,והראן,1,4
1936,והראפ,1,0
1937,והרלד,1,0
1938,והשוט,1,2
1939,והשערת,1,8
1940,והשצ,1,0
1941,והתגוללו,1,2
1942,והתחרה,1,4
1943,והתישב,4,2
1944,והתמהמו,1,2
1945,והתנוללו,1,2
1946,והתנינן,1,2
1947,והתערו,1,2
1948,וואאג,1,1
1949,וואבענשר,1,0
1950,וואגאנעס,1,4
1951,וואגניישטאדטל,2,0
1952,וואדשא,2,21
1953,וואהליניען,4,5
1954,וואיטצען,11,8
1955,וואים,1,2
1956,וואיצען,4,2
1957,וואישויא,1,1
1958,וואכענבלאטט,1,2
1959,וואלא,1,14
1960,וואלאטשין,6,0
1961,וואלאכאי,2,15
1962,וואלאכייא,1,2
1963,וואלהין,2,20
1964,וואלזין,7,1
1965,וואלחאוו,1,2
1966,וואלין,1,143
1967,וואליניץ,1,2
1968,וואלינסקי,2,10
1969,וואללקראטצען,1,2
1970,וואללשטיין,1,2
1971,וואלנוס,1,1
1972,וואלענטיא,1,2
1973,וואלענטין,1,7
1974,וואלענטינוס,1,1
1975,וואלפזאה,1,0
1976,וואלףיעבץ,1,0
1977,וואלפסאן,1,5
1978,וואלקאוויינץ,1,1
1979,וואלקאווינצי,1,3
1980,וואלקאוויסק,3,23
1981,וואנדזבעק,2,2
1982,וואנדערבילט,1,5
1983,וואנזבעק,1,2
1984,וואננער,1,8
1985,וואסהאד,1,5
1986,וואסטאפאל,1,0
1987,וואסיליאוו,1,0
1988,וואסילכא,1,2
1989,וואסילקאוו,3,4
1990,וואסילקאזו,1,0
1991,וואסינגטאן,1,3
1992,וואסלאוי,1,2
1993,וואץ,1,1
1994,וואקיל,1,2
1995,וואראנאזש,2,2
1996,וואראנעזש,2,7
1997,ווארוואראווקע,1,3
1998,ווארויף,1,2
1999,ווארונטער,1,3
2000,ווארטא,1,7
2001,ווארלא,1,4
2002,ווארלד,1,2
2003,ווארמעזער,1,2
2004,ווארנע,1,9
2005,ווארשא,4,3419
2006,ווארשאוו,1,2
2007,ווארשאווסקא,1,15
2008,ווארשה,1,1
2009,ווארשוי,3,90
2010,ווארשויא,1,534
2011,ווארשויאקלאסטערשטראסעאשר,1,0
2012,ווארשוערקראוואטען,1,0
2013,ווארשי,1,3
2014,ווארשע,1,3
2015,וואשילישאק,3,12
2016,וואשילקאווא,1,1
2017,וואשינגטאן,1,49
2018,וואת,1,2
2019,ווהראן,4,3
2020,וווענעדיג,1,1
2021,ווזי,2,2
2022,וויאדסט,1,2
2023,ווידין,1,65
2024,וויזניטץ,1,0
2025,וויזשיק,2,1
2026,וויטטענבערג,6,1
2027,וויטעבסק,10,106
2028,וויטעכסק,2,2
2029,וויטעמבערג,1,2
2030,וויטעפסק,4,27
2031,וויטצען,1,1
2032,וויידענבוש,3,1
2033,ווייזעל,1,5
2034,ווייטצען,1,3
2035,וויילהעלם,1,2
2036,וויילס,1,1
2037,וויינגראססהאנדלונג,1,0
2038,וויינגראססהענדלער,1,18
2039,וויינלאנד,1,14
2040,וויינערמאן,1,2
2041,וויינשטאק,1,28
2042,ווייסענזעע,1,3
2043,ווייען,1,1
2044,ווייעסטניק,1,0
2045,ווייש,1,2
2046,ווילגר,1,1
2047,ווילייקא,12,7
2048,וויללהיימער,1,3
2049,ווילנא,7,1096
2050,ווילנאמאתבןיקיר,1,0
2051,ווילנאמודיע,1,0
2052,ווילנאנו,1,0
2053,ווילנד,2,3
2054,ווילנר,1,7
2055,ווילסקאיא,1,2
2056,ווילקאוויטץ,1,0
2057,ווילקאוויסקי,1,6
2058,ווילקאווישק,1,26
2059,ווילקאמיד,1,2
2060,ווין,3,49
2061,ווינא,1,125
2062,ווינדהיימער,1,2
2063,ווינדזאר,2,4
2064,ווינה,1,15
2065,ווינהט,1,1
2066,וויניפעג,1,4
2067,וויניציא,1,33
2068,וויניציאה,2,46
2069,וויניציה,1,4
2070,ווינניצא,1,11
2071,ווינציא,2,5
2072,ווינציאה,1,5
2073,ווינציאנו,1,2
2074,וויסאקיליטאווסק,1,0
2075,וויסאקע,1,7
2076,וויסטינעץ,1,6
2077,וויסקאנסין,1,1
2078,וויעדא,1,1
2079,וויעדאמאסט,1,11
2080,וויעזעלבורג,3,3
2081,וויעטקא,2,2
2082,וויעך,1,1
2083,וויעלקא,2,2
2084,וויעלקיאטשי,1,1
2085,וויען,7,2783
2086,וויענא,2,0
2087,וויעראמאסטי,1,3
2088,וויצא,1,1
2089,ווירונא,1,1
2090,ווירונה,2,2
2091,ווירטעמבורג,8,4
2092,ווירצבורג,2,53
2093,ווישטינען,2,0
2094,ווישינטא,1,3
2095,ווישעהראדע,1,2
2096,ווישקאווע,1,0
2097,וולאדיסלאוואוו,4,13
2098,וולטווא,3,2
2099,וומאניה,1,2
2100,וועזענבערג,1,2
2101,וועלטאויסשטללונג,1,0
2102,וועלטאויסשטעללונג,1,35
2103,ווענגראב,1,2
2104,ווענגראוו,1,9
2105,ווענדזעגאלסקי,1,0
2106,ווענצועללע,1,2
2107,וועסטפאלען,1,9
2108,וועסטפרייסען,1,1
2109,וועספרים,4,4
2110,וועצלאר,2,2
2111,וועקשנה,3,5
2112,ווערביל,1,3
2113,ווערהנאצקע,1,5
2114,ווערזבאלאווא,1,0
2115,ווערזבאלאווע,2,2
2116,ווערזבלאווא,1,2
2117,ווערזשבאלאווא,4,5
2118,ווערחניעדניעפראווסק,1,1
2119,ווערטערבוך,1,30
2120,ווערטשעללי,2,2
2121,ווערכניאדניעפראווסק,1,2
2122,ווערלענער,1,2
2123,ווערסאיל,1,16
2124,ווערצעלי,5,2
2125,וורא,1,2
2126,ווראדיש,2,0
2127,וורעשען,1,6
2128,וורשא,1,1
2129,וושב,1,3
2130,וזאמוט,1,28
2131,וזיופן,1,1
2132,וזילנא,1,2
2133,וחברון,2,29
2134,וחיבר,2,9
2135,וחלקתיו,1,4
2136,וחסא,1,2
2137,וחסרכל,1,0
2138,וחרבותיה,1,8
2139,וחרצובותיו,1,2
2140,וחשום,1,1
2141,וטאמבאוו,1,1
2142,וטבעים,1,1
2143,וטברי,4,0
2144,וטבריא,5,24
2145,וטבריה,5,22
2146,וטולטשא,1,1
2147,וטיראל,1,11
2148,וטעכניקים,1,1
2149,וטראנסוואאל,1,1
2150,וטריענט,1,13
2151,וטשארלו,1,0
2152,ויאנה,1,2
2153,ויאנינא,1,6
2154,ויגא,1,1
2155,ויגיעיכח,1,0
2156,ויהיאחרי,1,0
2157,ויהיבראות,1,0
2158,ויון,1,88
2159,ויורכו,1,1
2160,ויחלצכם,1,2
2161,ויחשיבו,1,2
2162,ויטאמיר,2,2
2163,ויטען,1,2
2164,וייען,1,3
2165,וייצא,1,1
2166,ויירשו,1,31
2167,וילכדה,1,11
2168,וילנא,4,4
2169,וילף,1,3
2170,וימצאות,1,2
2171,וינא,1,10
2172,וינה,1,15
2173,ויניסטי,1,2
2174,ויניציא,5,10
2175,ויניציאה,3,6
2176,וינץ,1,2
2177,וינשב,1,3
2178,וינשלום,1,5
2179,ויס,1,14
2180,ויסיפו,1,2
2181,ויעזרכם,1,3
2182,ויפו,6,25
2183,ויצרח,1,2
2184,ויקטור,1,13
2185,ויקרירו,1,2
2186,וירונה,1,2
2187,וישמחי,1,0
2188,וישמש,1,6
2189,וישתהוו,1,3
2190,וישתק,1,2
2191,ויתישב,1,12
2192,וכהרב,1,2
2193,וכוננתי,1,2
2194,וכלבה,1,2
2195,וכלישנא,1,2
2196,וכנל,1,0
2197,וכנען,1,2
2198,וכסבין,2,1
2199,ולאידך,1,8
2200,ולאמזא,12,5
2201,ולאעדבכלל,1,0
2202,ולבים,1,10
2203,ולבצעו,1,3
2204,ולבקרהו,1,7
2205,ולבקשנו,1,2
2206,ולדעותיו,1,2
2207,ולהגאון,1,7
2208,ולהגובער,1,0
2209,ולהדריכהו,1,3
2210,ולהכלית,1,4
2211,ולטושים,1,2
2212,וליטא,1,25
2213,וליפלאנד,1,1
2214,ולכוללות,1,4
2215,ולמפלגה,1,3
2216,ולנא,1,1
2217,ולנשרפי,1,2
2218,ולעבעדינצאוו,1,1
2219,ולעזבהו,1,3
2220,ולעמבערג,1,9
2221,ולקבלהו,1,4
2222,ולקוטי,1,22
2223,ולשלות,1,4
2224,ולתושבי,1,7
2225,ומאא,1,1
2226,ומאגאדור,1,0
2227,ומאדעססא,1,4
2228,ומאהילוב,2,4
2229,ומאלדאווא,1,2
2230,ומאלכסנדריא,1,2
2231,ומאנחות,1,2
2232,ומאססול,1,0
2233,ומאסקוי,1,4
2234,ומאסקויא,1,1
2235,ומאראקא,1,11
2236,ומגעל,1,2
2237,ומגראדנא,1,2
2238,ומהאומנים,1,2
2239,ומהאכרים,1,2
2240,ומהבדץ,1,0
2241,ומהודריםבמקח,1,0
2242,ומהחום,1,2
2243,ומהיושבים,1,6
2244,ומהכפרים,1,8
2245,ומהכתובים,1,2
2246,ומהרומאנים,1,2
2247,ומהרמ,2,0
2248,ומווילנא,1,2
2249,ומוק,1,1
2250,ומזמין,1,2
2251,ומחוזי,4,3
2252,ומחוללו,1,0
2253,ומיוצאי,1,2
2254,ומילליאנען,1,2
2255,ומירושלים,1,7
2256,ומלונדון,1,7
2257,ומלכיה,1,7
2258,וממערבה,1,2
2259,ומנגופ,1,2
2260,ומסביה,1,5
2261,ומסוגיא,1,2
2262,ומסט,1,0
2263,ומסכחות,1,2
2264,ומסכנת,1,2
2265,ומסכתא,1,1
2266,ומסתברא,1,7
2267,ומעבריה,1,0
2268,ומעהררען,1,2
2269,ומעילה,1,5
2270,ומעכה,1,1
2271,ומעניי,1,3
2272,ומפלך,1,4
2273,ומפסדת,1,1
2274,ומפסיק,1,7
2275,ומצודתך,1,2
2276,ומצפת,2,5
2277,ומצרים,1,65
2278,ומרבע,1,6
2279,ומרכלתו,1,1
2280,ומרתו,1,2
2281,ומשכני,1,3
2282,ומשמיענו,1,2
2283,ומשסה,1,4
2284,ומתקימים,1,9
2285,ומתרחק,1,16
2286,ונאטאל,1,2
2287,ונארווענען,1,5
2288,ונבחרתי,1,2
2289,ונגארן,2,4
2290,ונגלגל,1,2
2291,ונויארק,1,5
2292,ונזדמנו,1,2
2293,וניווער,1,2
2294,ונייאפעסט,1,0
2295,ונייריפה,1,0
2296,ונינוה,1,12
2297,וניקוליוב,3,0
2298,וניקופולים,1,3
2299,ונמרצו,1,2
2300,ונספו,1,8
2301,ונעור,1,13
2302,ונענובא,1,3
2303,ונצערו,1,5
2304,ונתחלל,1,3
2305,וסאלוניקו,4,2
2306,וסארדיניא,1,1
2307,וסב,1,16
2308,וסביבותה,1,1
2309,וסביכותיה,1,2
2310,וסובאלק,1,5
2311,וסובב,1,66
2312,וסודאן,1,6
2313,וסוכר,2,2
2314,וסופיא,1,2
2315,וסיבי,1,1
2316,וסמארגאן,2,1
2317,וספחו,1,2
2318,וספסל,1,6
2319,ועביד,1,7
2320,ועגור,1,2
2321,ועדלער,1,2
2322,ועודערים,2,0
2323,ועיניונשואות,1,0
2324,ועכא,1,0
2325,ועניען,2,1
2326,וענכי,1,2
2327,ועסטלאנד,1,1
2328,ועצבונה,1,2
2329,ועצותיו,1,6
2330,ועקיבא,1,1
2331,ועריבה,1,2
2332,ועשיריך,1,2
2333,ופאלאצק,1,2
2334,ופאראליען,1,3
2335,ופארטונאל,1,1
2336,ופוילין,1,18
2337,ופונה,1,19
2338,ופין,1,5
2339,ופינסק,2,6
2340,ופלכיהן,1,2
2341,ופלעוונא,1,14
2342,ופניותיו,1,2
2343,ופעטערסבורג,1,10
2344,ופראנקפורט,9,9
2345,ופרגא,1,7
2346,ופרידל,1,2
2347,ופרנקפורט,1,2
2348,ופרס,1,65
2349,ופרשיה,1,1
2350,וצדם,1,2
2351,וצופר,1,2
2352,וצט,1,0
2353,וצעדערבוים,1,0
2354,וצפורי,1,3
2355,וצפת,3,19
2356,וקאלאניען,1,3
2357,וקאלמאר,1,1
2358,וקאלן,2,1
2359,וקאניגסבערג,1,0
2360,וקאראקקאס,1,2
2361,וקארסיקא,2,2
2362,וקארפער,1,5
2363,וקדשום,1,0
2364,וקורדונער,2,1
2365,וקורלאנד,1,7
2366,וקיימום,1,1
2367,וקישינוב,1,0
2368,וקמים,1,2
2369,וקניאזשע,1,0
2370,וקעלץ,1,2
2371,וקראקוי,1,2
2372,וקרית,1,17
2373,וקרפו,1,7
2374,וראבד,1,0
2375,וראוועננא,1,1
2376,וראזינאי,1,10
2377,וראסטוב,4,1
2378,וראסין,1,2
2379,ורוסא,1,0
2380,ורושטשוק,1,1
2381,ורושלם,1,12
2382,ורזעשאוו,2,0
2383,וריגאל,2,0
2384,ורייך,1,1
2385,ורייסין,1,6
2386,ורייסען,1,3
2387,ורמסו,1,9
2388,ורס,1,6
2389,ורשא,1,2
2390,ורשה,1,8
2391,ורשו,1,26
2392,ושאגה,1,2
2393,ושהשר,1,0
2394,ושווינצאן,1,0
2395,ושומלא,1,14
2396,ושי,1,25
2397,ושיות,1,2
2398,ושכנזי,2,2
2399,ושלעזיען,1,1
2400,ושרוש,1,1
2401,ותאספנה,1,4
2402,ותבירהו,1,2
2403,ותונים,1,14
2404,ותלגרמות,1,5
2405,ותמוז,1,0
2406,ותפחדו,1,1
2407,ותרכה,1,0
2408,ותרעא,1,8
2409,ותשחת,1,12
2410,ותשכחנה,1,2
2411,ותתבצר,1,3
2412,ותתיצבנה,1,11
2413,ותתקוטט,1,2
2414,זאאד,1,2
2415,זאבוואלףגלאנטי,1,0
2416,זאביאקא,1,0
2417,זאבלודאווא,4,10
2418,זאבלודאווע,2,3
2419,זאבלודווא,1,7
2420,זאגער,1,40
2421,זאגר,1,17
2422,זאגראווע,1,3
2423,זאגרחדש,1,0
2424,זאדיק,3,2
2425,זאהאראווקע,3,1
2426,זאהרוי,1,0
2427,זאהרויא,1,2
2428,זאחרוי,1,1
2429,זאייציוו,1,1
2430,זאכסען,1,91
2431,זאלאלעווע,1,0
2432,זאלקאוו,1,3
2433,זאלקווא,4,9
2434,זאלקיעוו,1,4
2435,זאמאשץ,3,2
2436,זאמבאר,1,2
2437,זאמוט,1,46
2438,זאממטער,1,9
2439,זאמעלאן,1,1
2440,זאנטאגס,1,3
2441,זאניטעטסראטה,2,6
2442,זאננענשיין,1,2
2443,זאסלא,1,0
2444,זאסלאוו,2,14
2445,זאפהיא,1,25
2446,זאפיא,1,3
2447,זאקוב,1,4
2448,זאקסען,1,49
2449,זאקראטשין,3,11
2450,זאקרעטשין,1,1
2451,זאראט,1,1
2452,זארגפעלטיגע,1,24
2453,זארדיניא,1,5
2454,זברים,1,2
2455,זגיערז,4,11
2456,זדונסקאוואלי,2,1
2457,זדינסקיוואליע,1,2
2458,זדמת,1,2
2459,זהירין,1,9
2460,זוואהיל,1,3
2461,זוועהיל,1,5
2462,זוחום,1,2
2463,זויען,3,6
2464,זולצבאך,1,7
2465,זונאנה,1,1
2466,זופניק,1,8
2467,זופפענשעפפער,1,3
2468,זופראן,2,2
2469,זוראוויץ,3,2
2470,זורג,1,0
2471,זיבענ,1,0
2472,זיבענבערג,1,2
2473,זידיק,4,4
2474,זיוף,1,88
2475,זיטאמיר,3,157
2476,זיטיל,5,9
2477,זייטע,1,58
2478,זילבערבעשלעג,2,2
2479,זילבערט,1,3
2480,זילבערקווייט,1,2
2481,זינדא,1,2
2482,זינקוב,3,16
2483,זיעגען,1,3
2484,זיעליכאוו,1,2
2485,זיעלניא,1,22
2486,זיען,2,19
2487,זיקה,1,9
2488,זירב,1,1
2489,זישיני,1,2
2490,זכובים,1,3
2491,זלאבין,1,9
2492,זלאטאפאל,2,11
2493,זלאטשוב,3,4
2494,זלוטשעסטע,1,1
2495,זלינקע,1,2
2496,זמאצינסקע,1,0
2497,זעהיממעל,1,6
2498,זעזמער,3,5
2499,זעחלין,1,0
2500,זעלווא,1,3
2501,זעליכאוו,3,8
2502,זעלין,4,1
2503,זעלקין,1,1
2504,זעמבין,1,2
2505,זעמבעראווע,1,1
2506,זעמלינסקי,1,0
2507,זעמסקאיא,3,0
2508,זענעדין,2,3
2509,זענקאוו,1,1
2510,זעקיל,1,2
2511,זעראט,1,2
2512,זעראייעווא,3,3
2513,זעראיעווא,2,5
2514,זצוקללהה,2,0
2515,זצללחה,1,0
2516,זרבב,1,2
2517,זרדיה,1,5
2518,זשורנאלין,1,0
2519,זשנה,1,1
2520,חאדר,1,0
2521,חאטעל,1,4
2522,חאלול,2,0
2523,חאקיקאט,1,1
2524,חארטום,1,1
2525,חארקאוו,2,34
2526,חברהמאניותקטורהיותר,1,0
2527,חברון,6,202
2528,חגניה,1,1
2529,חדורי,1,2
2530,חוחם,1,1
2531,חומשיתורה,1,0
2532,חוסט,2,1
2533,חופ,1,0
2534,חזינן,1,15
2535,חזיקי,1,2
2536,חזסהודעות,1,0
2537,חטרי,1,4
2538,חיאס,1,3
2539,חיווא,2,3
2540,חיח,1,0
2541,חייד,1,2
2542,חייוהמנוח,1,0
2543,חיימאן,1,3
2544,חיינה,1,1
2545,חייפו,3,2
2546,חינגא,1,2
2547,חיפא,2,14
2548,חיפו,9,12
2549,חכםבעוז,1,0
2550,חלזו,1,0
2551,חלפוה,1,2
2552,חנכסיס,1,3
2553,חסמוך,1,2
2554,חעלם,2,3
2555,חערסאן,3,40
2556,חצרמות,1,1
2557,חרושי,1,3
2558,חרסמא,1,0
2559,חתתם,1,13
2560,טאבאו,1,0
2561,טאגאנדאג,3,13
2562,טאגאנציע,1,3
2563,טאגאנראג,3,11
2564,טאהרן,5,3
2565,טאהרען,2,1
2566,טאוו,1,7
2567,טאווריא,2,4
2568,טאווריג,1,3
2569,טאטארבאזארדשוק,1,0
2570,טאטארבאנאר,1,5
2571,טאטארבונאר,3,6
2572,טאטרבאזארצאק,1,0
2573,טאלאטצין,1,1
2574,טאלטשינסקי,1,2
2575,טאליען,1,15
2576,טאלשווא,2,2
2577,טאמא,1,1
2578,טאמאשאב,1,1
2579,טאמבאוו,1,7
2580,טאמשאוו,5,1
2581,טאנבל,1,0
2582,טאנבלאטט,2,6
2583,טאנגיער,1,16
2584,טאנגיר,5,28
2585,טאנגקינג,1,0
2586,טאנטור,1,2
2587,טאנעבלאטט,1,1
2588,טאנעס,1,1
2589,טאססא,1,2
2590,טאסקאנא,1,2
2591,טאסקווא,3,0
2592,טאפאלי,2,4
2593,טאפראווער,2,2
2594,טאצען,1,0
2595,טאקיא,1,3
2596,טאראנטא,2,2
2597,טאראפאץ,1,2
2598,טאראשטא,1,2
2599,טארודאנט,1,2
2600,טארנא,2,1
2601,טארנאוו,7,26
2602,טארנאפאל,1,37
2603,טאררע,1,2
2604,טאשענ,1,0
2605,טבור,1,51
2606,טבלוהו,1,2
2607,טברי,4,4
2608,טבריא,4,244
2609,טבריה,4,65
2610,טבת,1,686
2611,טהארן,4,52
2612,טהורר,1,1
2613,טהירם,1,2
2614,טהעאסאליא,1,3
2615,טהעבען,1,10
2616,טהעלל,1,0
2617,טהעס,1,4
2618,טהעעס,1,14
2619,טהעראן,1,7
2620,טהראן,1,2
2621,טובלת,2,2
2622,טובש,1,2
2623,טווער,6,19
2624,טוטמעס,1,4
2625,טויראגען,1,12
2626,טולא,2,6
2627,טולאן,2,27
2628,טולוזא,3,10
2629,טולטשה,3,2
2630,טולטשין,2,26
2631,טונים,1,383
2632,טוניס,1,24
2633,טוקום,2,9
2634,טורייא,1,2
2635,טורין,5,65
2636,טורינו,1,2
2637,טורם,2,5
2638,טורנא,1,2
2639,טורעק,1,10
2640,טורקיסטאן,3,9
2641,טיבווין,1,2
2642,טיבינג,1,2
2643,טיטוט,1,5
2644,טייש,1,0
2645,טיכווין,4,1
2646,טילזיט,6,17
2647,טיליגעשט,3,0
2648,טיללמאן,1,5
2649,טימ,1,1
2650,טימקאוויטש,5,5
2651,טיפל,1,3
2652,טיפלים,2,5
2653,טירין,2,1
2654,טירנוי,4,6
2655,טירנויא,1,7
2656,טירקס,1,2
2657,טישער,1,3
2658,טעבלס,1,3
2659,טעבסק,1,3
2660,טעדעסקא,1,1
2661,טעותיו,1,2
2662,טעטואן,5,23
2663,טעינתו,1,2
2664,טעלו,4,4
2665,טעלז,12,59
2666,טעלננער,1,3
2667,טעלעגר,1,0
2668,טעלעגראמא,1,7
2669,טעלעגראפול,1,1
2670,טעמפעלס,1,1
2671,טענא,1,1
2672,טענעססע,3,2
2673,טעקסאם,1,4
2674,טערעספול,1,3
2675,טקובה,1,1
2676,טקטין,1,1
2677,טראב,3,1
2678,טראבלום,1,3
2679,טראבלוס,3,7
2680,טראבלם,3,7
2681,טראבלס,1,8
2682,טראווניק,1,8
2683,טראנסוואל,1,20
2684,טראפויא,1,4
2685,טראפעצונט,1,13
2686,טריאסטי,1,14
2687,טריבעצעווסק,1,2
2688,טריסק,1,7
2689,טריסקער,3,4
2690,טריעסט,1,191
2691,טריעסטי,1,5
2692,טריעש,1,9
2693,טריפאלי,1,16
2694,טריפאליס,1,24
2695,טרישקי,5,8
2696,טרנאפאל,7,1
2697,טרעיאנוב,4,1
2698,טרענטשין,2,4
2699,טשאסמא,1,0
2700,טשאפליק,1,0
2701,טשארגעוויץ,1,4
2702,טשארטקוב,1,27
2703,טשארנעוויץ,1,9
2704,טשיארעווקי,1,2
2705,טשיגידין,1,0
2706,טשיגירין,4,7
2707,טשיטא,1,2
2708,טשימישליא,1,4
2709,טשיקאגא,8,17
2710,טשעבאלסקי,4,1
2711,טשעטים,1,2
2712,טשעכינאווי,1,2
2713,טשעכנאוויץ,1,1
2714,טשעכענאווע,1,1
2715,טשעכענאווצי,5,0
2716,טשעלי,2,1
2717,טשעללאלבאד,1,2
2718,טשענסטאחאוו,1,2
2719,טשענסטחאוו,1,2
2720,טשענסטחוב,1,9
2721,טשערגאוויץ,1,9
2722,טשערגיגאוו,1,0
2723,טשערגיגוב,2,0
2724,טשערטש,1,1
2725,טשערנאוויטץ,12,8
2726,טשערנאוויץ,1,57
2727,טשערנאוועץ,2,1
2728,טשערנאווצי,3,1
2729,טשערניגאוו,3,23
2730,טשערניגוב,5,42
2731,טשערקאסי,1,8
2732,טשערקאססי,5,10
2733,יאגואר,2,8
2734,יאהאנניסבורג,1,7
2735,יאולאס,2,11
2736,יאורא,1,2
2737,יאזעפ,1,1
2738,יאזעפשטאדט,1,1
2739,יאימן,1,2
2740,יאלטושקאוו,1,1
2741,יאליסאוועטגראד,1,1
2742,יאמפאל,5,2
2743,יאמפאלא,1,1
2744,יאמפאלי,5,3
2745,יאמפאלע,2,2
2746,יאנאווא,2,24
2747,יאנאוויטץ,1,3
2748,יאנאווע,1,4
2749,יאנוב,4,5
2750,יאנינה,1,2
2751,יאנקערס,1,1
2752,יאס,1,8
2753,יאסבו,1,2
2754,יאסטראוו,1,27
2755,יאסטרוב,1,4
2756,יאסי,5,33
2757,יאססו,1,0
2758,יאססי,4,125
2759,יאסעף,1,4
2760,יאסקאוויטש,1,1
2761,יאקובזאהן,1,12
2762,יאראטשין,1,5
2763,יאראסלאוו,2,6
2764,יאראסלאווסקי,1,1
2765,יאראסלוי,1,2
2766,יאראסלויא,1,9
2767,יארוהא,1,1
2768,יארמאלינעץ,1,0
2769,יארמעליניץ,1,1
2770,יארצעווע,1,0
2771,יארקאנד,1,2
2772,יאשינאווקא,1,2
2773,יאשכנז,1,2
2774,יאשסי,2,1
2775,יבאדר,1,0
2776,יבאייר,4,0
2777,יבונג,1,2
2778,יבחלקים,1,0
2779,יבמות,1,84
2780,יבמנא,2,0
2781,יבמנחם,1,0
2782,יגנים,1,2
2783,ידוקים,1,28
2784,ידוקין,1,5
2785,ידושלים,2,17
2786,ידעתיענה,1,0
2787,ידר,1,38
2788,ידרת,1,1
2789,יהדה,1,2
2790,יהודון,1,2
2791,יהוז,1,2
2792,יהעיר,1,2
2793,יובאסאר,1,1
2794,יוגהיים,1,1
2795,יודנתינהלגר,1,0
2796,יווער,1,2
2797,יוזאווע,3,1
2798,יוזה,1,1
2799,יוזעפאף,1,3
2800,יוזעפוף,5,5
2801,יויל,1,1
2802,יולעס,1,5
2803,יון,1,2064
2804,יונגבונצלויא,3,6
2805,יונגערס,1,5
2806,יוניוועד,1,4
2807,יוניוס,1,2
2808,יוניוער,1,1
2809,יוניים,1,1
2810,יונקעד,1,2
2811,יוסטום,1,8
2812,יוסער,1,2
2813,יוסףחיים,1,1
2814,יופב,1,4
2815,יוקב,1,3
2816,יוקיל,1,2
2817,יורבארג,1,7
2818,יורבורג,2,9
2819,יוריעוויטש,2,2
2820,יורישע,1,4
2821,יושטיניאן,1,1
2822,יושטינייאן,5,1
2823,יזדיגים,1,2
2824,יזוה,1,1
2825,יזולמאן,1,2
2826,יחכקו,1,4
2827,יחסמזה,2,0
2828,יחפוזו,1,1
2829,יטן,1,3
2830,ייאנאווא,2,2
2831,ייט,1,16
2832,יייא,2,3
2833,יכודי,1,2
2834,יכסף,1,22
2835,יכתץ,1,2
2836,ילאדעליא,5,0
2837,ילאדעלפיא,4,0
2838,ילוי,2,2
2839,ילידווילנא,1,0
2840,ילכות,2,2
2841,יםסיף,1,0
2842,ינפקירכען,2,0
2843,ינתי,1,2
2844,יס,1,63
2845,יסי,1,15
2846,יסס,1,6
2847,יעדדא,2,2
2848,יעדיניעץ,1,2
2849,יעדיניץ,1,5
2850,יעדינעץ,3,3
2851,יעודהלאומי,1,0
2852,יעווגעניע,1,1
2853,יעוויטש,1,4
2854,יעוש,1,1
2855,יעזנא,1,3
2856,יעזנע,1,0
2857,יעי,1,39
2858,יעליטו,1,2
2859,יעליטקא,1,3
2860,יעליניק,1,3
2861,יעליסאוויעטגראד,1,5
2862,יעליסאוועטגראד,4,69
2863,יעלען,1,1
2864,יעלעץ,5,15
2865,יענא,1,14
2866,יענר,3,3
2867,יעקאטארינסלאוו,2,0
2868,יעקאטעריג,1,0
2869,יעקאטערינאסלאוו,3,119
2870,יעקאטערינאסלאזו,1,2
2871,יעקאטערינסלאוו,1,3
2872,יערמאן,1,2
2873,יעשין,2,2
2874,יפוק,3,2
2875,יפיורי,1,2
2876,יפצא,1,1
2877,יפקפקו,1,2
2878,יצוטו,1,0
2879,יצחקגאלדמאן,1,2
2880,יצחקגאלדמאןמדפים,1,0
2881,יקרעה,1,2
2882,יראג,1,2
2883,ירושל,1,21
2884,ירושלים,4,1965
2885,ירושלמ,1,1
2886,ירושלם,2,3043
2887,ירושלםיפו,1,0
2888,ירושלםתובבא,1,0
2889,ירושנם,1,0
2890,ירושתי,1,1
2891,ירמוו,1,2
2892,ירשלם,2,3
2893,ישבעים,1,4
2894,ישכחון,1,0
2895,ישערנאוויץ,1,11
2896,ישראלברלין,1,0
2897,ישראלחדשות,1,0
2898,ישתחף,1,2
2899,ישתית,1,2
2900,יתייחש,1,0
2901,יתנודדו,1,9
2902,יתע,1,16
2903,כאחריתה,1,1
2904,כארקאוו,1,4
2905,כבמדינתנו,1,2
2906,כבפרייסען,1,1
2907,כגולין,1,3
2908,כדכרים,1,2
2909,כדמשק,1,2
2910,כדעו,1,6
2911,כהאללאנד,1,2
2912,כהרעפובליק,1,2
2913,כהתעלם,1,2
2914,כוג,1,1
2915,כוואלאזין,1,0
2916,כוויקטאר,1,6
2917,כוחתיו,1,2
2918,כולהון,1,2
2919,כורש,1,55
2920,כוש,1,154
2921,כותא,1,2
2922,כזאמושטש,1,1
2923,כחדרו,1,1
2924,כחובות,1,7
2925,כטבלא,1,3
2926,כטפות,1,2
2927,כיאנשי,1,0
2928,כיונתי,1,2
2929,כילר,1,1
2930,כינותי,1,2
2931,כינן,1,2
2932,כיסלו,2,1
2933,ככסים,1,2
2934,כלידה,1,3
2935,כלכותא,4,3
2936,כלכתא,3,5
2937,כלכתה,1,6
2938,כלנב,1,0
2939,כלעיני,1,2
2940,כלפון,1,3
2941,כמבו,1,3
2942,כמבטיון,1,2
2943,כמוהרמן,2,0
2944,כמזח,1,2
2945,כמחכה,1,2
2946,כמצור,1,1
2947,כמתנכר,1,2
2948,כמתעורר,1,3
2949,כנא,1,2
2950,כנלענד,1,0
2951,כסחים,2,1
2952,כסלו,1,210
2953,כסליו,1,395
2954,כעדתו,1,1
2955,כעדתנו,1,1
2956,כעלותו,1,5
2957,כפב,1,0
2958,כפילאדעלפיא,1,0
2959,כפישמודיעים,1,0
2960,כפרותיהם,1,2
2961,כצאה,1,3
2962,כצפת,1,2
2963,כקדוש,1,2
2964,כקשואים,1,2
2965,כראניקעל,1,0
2966,כרכמיש,1,11
2967,כרמולי,1,26
2968,כשדים,1,58
2969,כשהתעצלו,1,2
2970,כתמיא,1,2
2971,כתעוררתי,1,2
2972,לאבדק,1,1
2973,לאבינסק,1,0
2974,לאדו,2,26
2975,לאדז,2,487
2976,לאדזייא,1,4
2977,לאדזין,1,3
2978,לאדיזין,1,13
2979,לאדימיר,5,0
2980,לאדעלפהיא,2,1
2981,לאדעסע,1,2
2982,לאדריאנאפול,1,2
2983,לאדרינאפולי,1,1
2984,לאהאוויץ,4,1
2985,לאהארע,2,0
2986,לאוואנט,2,2
2987,לאווי,1,9
2988,לאוויטץ,1,7
2989,לאוויטש,1,13
2990,לאויסטראליען,1,5
2991,לאוכלן,1,1
2992,לאוריי,2,2
2993,לאורמאת,2,0
2994,לאזראיי,1,2
2995,לאחאוויץ,4,1
2996,לאחוויץ,1,3
2997,לאחמאנדריווקא,1,1
2998,לאטאקי,1,1
2999,לאטאש,1,3
3000,לאטטעס,1,1
3001,לאיארדם,1,1
3002,לאידך,1,10
3003,לאיזעווע,2,6
3004,לאייעוו,3,0
3005,לאכמאננשען,1,2
3006,לאלפיהם,1,7
3007,לאמוא,1,1
3008,לאמונתי,1,2
3009,לאמזא,18,112
3010,לאמזע,4,13
3011,לאמסטרדם,1,1
3012,לאנגסנעק,1,13
3013,לאנגפוהר,1,1
3014,לאנדאן,6,912
3015,לאנדבאטע,1,0
3016,לאנדטאגס,1,0
3017,לאנדן,1,3
3018,לאנדס,1,5
3019,לאנדעס,1,13
3020,לאנייאדו,1,3
3021,לאניידו,2,3
3022,לאננבאנק,1,0
3023,לאנצוט,26,7
3024,לאנצקרוניע,4,3
3025,לאס,1,14
3026,לאסיפתכם,1,2
3027,לאסלוי,1,1
3028,לאסלויא,4,1
3029,לאעיוע,1,3
3030,לאפיטש,1,4
3031,לאפפענבאך,1,2
3032,לאצקאוי,2,1
3033,לאראבע,2,0
3034,לאראכע,1,3
3035,לאראנקא,1,3
3036,לאראש,6,11
3037,לאראשא,1,2
3038,לארז,1,27
3039,לאריסים,1,2
3040,לארענץ,1,12
3041,לארת,1,2
3042,לאשיטץ,3,6
3043,לאתי,2,1
3044,לאתרוני,1,28
3045,לבאדען,2,7
3046,לבאיועוברי,1,0
3047,לבהור,1,9
3048,לבוב,1,332
3049,לבודאפעסט,1,3
3050,לבירמינגהאם,1,2
3051,לביתאכסניא,1,0
3052,לביתיה,1,1
3053,לבכת,1,2
3054,לבעירם,1,1
3055,לבעלז,1,2
3056,לבצעו,1,91
3057,לבקום,1,2
3058,לבקך,1,2
3059,לבראמבערג,1,1
3060,לבראקהויז,1,2
3061,לבריססעל,1,11
3062,לברעמען,1,1
3063,לגאין,1,3
3064,לגבולינו,1,0
3065,לגובא,1,3
3066,לגיטין,1,3
3067,לדאלמאציען,1,1
3068,לדארפאט,1,1
3069,לדיארבעקיר,1,2
3070,לדמעיקרא,1,2
3071,לדרוז,1,0
3072,לדרתא,1,10
3073,לדשיב,1,2
3074,לדתיהם,2,4
3075,להאוור,3,1
3076,להאמבורו,1,2
3077,להאנשי,1,2
3078,להבוררים,1,2
3079,להביהמד,1,0
3080,להוך,1,2
3081,להורדום,1,2
3082,להיטא,1,2
3083,להמסית,1,2
3084,להנג,1,0
3085,להנצורים,1,1
3086,להנת,1,0
3087,להסלעים,1,2
3088,להסענאטארים,1,2
3089,להפסיקחא,1,2
3090,להציתם,1,2
3091,להצעד,1,8
3092,להקאטוליקים,1,1
3093,להקרבה,1,5
3094,להרוכב,1,3
3095,להרמבים,1,3
3096,להרמבץ,1,0
3097,להרעפארמים,1,4
3098,להשחותו,1,2
3099,להשרת,1,2
3100,להשתוקק,1,10
3101,להשתק,1,4
3102,לואום,1,1
3103,לואיזיאננא,1,1
3104,לובאווא,3,1
3105,לובאווי,1,2
3106,לובאמלע,2,2
3107,לובלין,3,185
3108,לוגדון,1,12
3109,לודוויגסבורג,3,4
3110,לוואווא,1,1
3111,לווילאייעט,1,2
3112,לווילקאמיר,1,6
3113,לווינציאה,1,3
3114,לוויסאקי,1,3
3115,לווערכאוויע,1,0
3116,לוטשא,2,3
3117,לויא,2,14
3118,לויזיטץ,1,2
3119,לויטענבורג,11,10
3120,לוכלין,1,5
3121,לומבארדיה,1,2
3122,לונדאן,1,3
3123,לונדון,3,848
3124,לונדן,10,17
3125,לונטשיץ,9,10
3126,לוצאטי,3,3
3127,לוצין,1,11
3128,לוצק,4,45
3129,לוקאטש,2,10
3130,לוקניק,2,3
3131,לוקסעמבורג,1,10
3132,לוקקא,1,1
3133,לזיתו,1,0
3134,לזן,1,3
3135,לחוהב,1,0
3136,לחצום,1,11
3137,לחשוק,1,0
3138,לטין,1,3
3139,לטעמיה,1,17
3140,ליאהאן,1,5
3141,ליבישעוו,1,1
3142,ליבעצקי,1,1
3143,ליבעק,1,21
3144,ליבשיץ,1,4
3145,ליג,1,8
3146,ליגניטץ,5,5
3147,ליגניץ,1,1
3148,לידא,1,78
3149,לידן,1,16
3150,ליואבאר,1,2
3151,ליובאוויטש,1,3
3152,ליווארנא,2,10
3153,ליווארנו,6,7
3154,ליווינזון,1,0
3155,ליווערטיאנסקי,1,0
3156,ליווערפאאל,3,2
3157,ליווערפאל,1,30
3158,ליווערפול,2,12
3159,ליוורנא,1,3
3160,ליוורנו,3,8
3161,ליוםמלאת,1,0
3162,ליוצין,1,3
3163,ליזער,1,2
3164,ליטא,1,470
3165,ליטוי,2,0
3166,ליטין,6,20
3167,ליטען,2,6
3168,ליטערע,1,2
3169,ליטפיק,1,2
3170,לייטיש,1,2
3171,ליינער,1,4
3172,לייפניק,1,6
3173,לייפציג,2,189
3174,ליכטענ,1,0
3175,לילירה,1,2
3176,לילל,2,9
3177,ליללע,3,5
3178,לימינגטון,1,3
3179,ליניץ,2,3
3180,לינצער,1,1
3181,ליסאבון,1,2
3182,ליסאכאן,1,4
3183,ליסבונא,2,3
3184,ליסדקולוניות,2,0
3185,ליססא,2,10
3186,ליססאבאן,1,4
3187,ליסקאווע,2,6
3188,ליעג,1,1
3189,ליעדם,3,9
3190,ליעדס,2,1
3191,ליעז,1,1
3192,ליפאוועץ,9,2
3193,ליפאטאט,1,2
3194,ליפטאן,1,4
3195,ליפלאנד,1,18
3196,ליפנא,1,9
3197,ליפנישאק,1,3
3198,ליפסיא,3,1
3199,ליפערפאל,2,2
3200,ליפפא,1,31
3201,ליפפמאנן,1,0
3202,ליפפע,1,24
3203,ליפשיין,1,2
3204,ליק,1,134
3205,ליקאווא,1,0
3206,ליקוב,1,2
3207,ליקי,1,2
3208,לירמי,1,0
3209,לכדא,1,2
3210,לכוב,1,4
3211,לכרמו,1,7
3212,לכתבהו,1,2
3213,ללאר,1,3
3214,ללובלי,1,2
3215,לליוואדיה,2,4
3216,לליק,1,2
3217,למאילאנד,2,4
3218,למאלטא,1,10
3219,למאנטאן,1,5
3220,למגילה,1,3
3221,למגרשי,1,2
3222,למזרה,2,1
3223,למחכה,1,3
3224,למטמונים,4,6
3225,למסכתא,1,3
3226,למעןדעתכל,1,0
3227,למרשד,1,2
3228,לנגוב,1,1
3229,לנדון,1,6
3230,לנדן,1,11
3231,לנוא,1,12
3232,לנוסע,1,14
3233,לנושאת,1,2
3234,לניישמי,1,2
3235,לניעות,1,1
3236,לניש,1,3
3237,לנעאפעל,1,7
3238,לנפטרים,1,1
3239,לנפשייהו,1,5
3240,לנקהו,1,2
3241,לסאלוניק,2,5
3242,לסאןרעמא,1,0
3243,לסבו,1,2
3244,לסובאלק,1,1
3245,לסורינאם,1,1
3246,לסטאציע,1,6
3247,לסטיפנדיאטים,1,3
3248,לסיניי,1,2
3249,לסךשלשה,1,0
3250,לסךשלשים,1,0
3251,לסלקו,1,2
3252,לסמג,1,0
3253,לעאנאווה,1,4
3254,לעבעדאוו,2,5
3255,לעבעדיאן,1,1
3256,לעבעדין,2,8
3257,לעבעוויץ,1,2
3258,לעבענסגעשיכטע,1,0
3259,לעגהארן,2,18
3260,לעדיניץ,1,0
3261,לעואנטין,1,2
3262,לעוואנטע,1,1
3263,לעווו,1,0
3264,לעווים,1,12
3265,לעווענפעלד,1,4
3266,לעוצר,1,7
3267,לעותתם,1,1
3268,לעטטעריס,1,9
3269,לעטיטשוב,13,13
3270,לעטע,1,1
3271,לעטעריס,1,20
3272,לעטערן,2,2
3273,לעטצען,1,4
3274,לעכאוויץ,1,1
3275,לעמבעו,1,1
3276,לעמבערג,8,242
3277,לעמברג,14,7
3278,לעמקהשוה,1,0
3279,לעסלא,1,3
3280,לעסלאר,1,8
3281,לעסקו,1,10
3282,לעעדם,2,3
3283,לעפי,1,4
3284,לעפעל,1,9
3285,לעקסיקאנפארמאט,1,2
3286,לערת,1,27
3287,לפאדאלסקי,1,2
3288,לפארט,1,12
3289,לפהיליפפאפעל,1,0
3290,לפטומי,1,2
3291,לפיג,1,0
3292,לפירושו,1,19
3293,לפמ,1,0
3294,לפנינם,1,0
3295,לפסיא,4,1
3296,לפען,1,1
3297,לפענעדיג,1,6
3298,לצואה,1,2
3299,לצורדי,1,2
3300,לצלותם,1,1
3301,לצענא,1,2
3302,לקאלווארי,1,0
3303,לקאפיניצע,1,1
3304,לקאפענהאגען,1,8
3305,לקוללמאן,1,2
3306,לקופיל,1,4
3307,לקראר,1,2
3308,לקרוחה,1,2
3309,לקרוץ,1,2
3310,לקרעמענצוג,3,5
3311,לראסטאוו,1,3
3312,לראשונ,1,2
3313,לרגוויזל,1,0
3314,לרוך,1,2
3315,לרוסיאה,1,2
3316,לריטאווע,1,2
3317,לרמבן,1,0
3318,לרנוויזל,1,0
3319,לרעדאקטארין,1,2
3320,לרצועה,1,0
3321,לרשבא,1,0
3322,לרשדל,1,0
3323,לרשימה,1,3
3324,לשאלוניק,2,1
3325,לשבא,1,1
3326,לשטוטגארט,1,6
3327,לשטראסבורג,1,5
3328,לשיקאגא,1,7
3329,לשכתהמשפט,1,0
3330,לשמעיה,1,2
3331,לשנויי,1,8
3332,לשס,1,1
3333,לתקנ,1,11
3334,לתרגומים,1,3
3335,מאאמור,1,0
3336,מאבלו,1,3
3337,מאגאגראג,2,2
3338,מאגאדאר,1,17
3339,מאגדעבורג,1,14
3340,מאגניסיא,1,1
3341,מאדאקע,1,8
3342,מאדריד,2,74
3343,מאדרידה,1,11
3344,מאהילאוו,1,3
3345,מאהילב,3,6
3346,מאהילוב,7,81
3347,מאהיליעוו,2,1
3348,מאהילעב,2,3
3349,מאהילעוו,4,23
3350,מאהלוב,1,1
3351,מאהליב,2,118
3352,מאהלעוו,1,3
3353,מאהנאווקא,1,1
3354,מאוורי,1,2
3355,מאונגרן,4,4
3356,מאונץ,3,1
3357,מאורז,1,2
3358,מאושרבחתימת,1,0
3359,מאזאה,1,2
3360,מאזיר,3,30
3361,מאזע,1,5
3362,מאזעוועצקי,2,3
3363,מאזעלי,1,2
3364,מאטהיעי,1,2
3365,מאטהען,1,3
3366,מאטטערסדארף,4,14
3367,מאטעאוש,1,2
3368,מאטעי,1,1
3369,מאטעלע,1,1
3370,מאיאק,2,0
3371,מאידך,1,8
3372,מאיהעבר,1,0
3373,מאיין,1,43
3374,מאיינינגען,4,1
3375,מאיינצער,1,1
3376,מאילאנד,4,10
3377,מאיליא,2,5
3378,מאינן,5,10
3379,מאינע,1,1
3380,מאינץ,1,221
3381,מאינצה,1,5
3382,מאיערס,1,3
3383,מאיראויערבאך,2,0
3384,מאירון,1,2
3385,מאלאדעצנא,1,8
3386,מאלאווא,1,0
3387,מאלאקא,1,2
3388,מאלדאווא,3,15
3389,מאלדוי,1,26
3390,מאלול,2,2
3391,מאלטונה,1,1
3392,מאלטש,1,5
3393,מאליאט,1,1
3394,מאלינטיגילי,1,2
3395,מאלכסנדריה,1,20
3396,מאלעקסאנדראווסק,1,3
3397,מאמטיסלאוו,1,0
3398,מאמיליאנא,1,1
3399,מאנאוויטש,1,2
3400,מאנאטה,1,2
3401,מאנאסטיר,1,4
3402,מאנאסטרישטשע,1,0
3403,מאנדעבורג,4,3
3404,מאנהיים,7,6
3405,מאנטווערפען,2,12
3406,מאנטרעאל,3,8
3407,מאנטשעסטער,2,4
3408,מאניטאבא,1,3
3409,מאניעסטי,1,1
3410,מאנישעוויץ,1,4
3411,מאנכי,1,0
3412,מאננהיים,3,2
3413,מאנשעסטער,1,86
3414,מאנשעסטר,3,4
3415,מאסטאווע,1,1
3416,מאססאכוזעטס,1,1
3417,מאססאציסעט,1,0
3418,מאסקאווע,1,2
3419,מאסקווא,3,462
3420,מאסקוויא,1,0
3421,מאסקווע,1,5
3422,מאסקווער,1,12
3423,מאסקוי,2,70
3424,מאסקויא,5,94
3425,מאסקעווער,1,23
3426,מאצילנו,2,1
3427,מאקאווע,3,7
3428,מאראוויא,1,0
3429,מאראש,3,1
3430,מארבורג,12,10
3431,מארגעס,1,2
3432,מארדוש,1,2
3433,מארונגוא,1,2
3434,מארזיילע,1,4
3435,מארטאן,1,3
3436,מארטי,1,3
3437,מאריאמפאל,5,27
3438,מאריאמפאלי,1,3
3439,מאריופאל,7,11
3440,מאריענכאד,1,3
3441,מאריצבורג,3,2
3442,מארסיליא,6,11
3443,מארסילליע,1,1
3444,מארסעל,1,9
3445,מארסעליע,1,2
3446,מארקברייטער,1,5
3447,מארקעט,1,0
3448,מארקקא,1,1
3449,מארשיליא,3,7
3450,מאשיע,1,1
3451,מאשנע,1,11
3452,מאתרוגי,1,46
3453,מאתרוני,1,50
3454,מאתשנה,1,0
3455,מבאהאפאליע,1,2
3456,מבאהק,1,0
3457,מבאמבערג,1,3
3458,מבגאי,1,5
3459,מבדצ,1,0
3460,מבודא,1,4
3461,מבוכארא,1,7
3462,מביירוט,1,22
3463,מבכירה,1,2
3464,מבלגנצי,1,1
3465,מבלתו,1,2
3466,מבנת,1,2
3467,מבעלגראר,1,5
3468,מבעלוויז,1,2
3469,מבעלנראד,1,4
3470,מבעלפאסט,10,3
3471,מבערדיטשוב,1,16
3472,מבערזיווי,1,2
3473,מבערעזאווקע,1,0
3474,מבצ,1,2
3475,מברובלין,1,0
3476,מברינדיסי,1,2
3477,מברעמען,1,5
3478,מברצלונא,1,2
3479,מבתהכנ,1,0
3480,מגדולתן,1,1
3481,מגודו,1,2
3482,מגומגמים,1,2
3483,מגחם,1,7
3484,מגיטין,1,3
3485,מגיעזין,1,2
3486,מגלד,1,0
3487,מגנות,1,86
3488,מגנכי,1,2
3489,מגנעזין,1,2
3490,מגנצא,1,42
3491,מגרוזיען,1,0
3492,מגריכענלאנד,1,6
3493,מגרמניא,1,26
3494,מדאנקם,1,2
3495,מדחפות,1,2
3496,מדיבור,1,2
3497,מדינוב,2,2
3498,מדינת,1,1062
3499,מדראהיטשין,1,2
3500,מדשא,1,1
3501,מהאאג,1,4
3502,מהאלפסין,1,4
3503,מהאנאווער,1,6
3504,מהאנאפער,1,2
3505,מהגאבדק,1,0
3506,מהגרא,2,0
3507,מהדיין,1,2
3508,מהדליקה,1,2
3509,מהוראל,1,0
3510,מהורש,1,0
3511,מהחמס,1,2
3512,מהחסיד,1,3
3513,מהלוסק,1,2
3514,מהמגיה,1,3
3515,מהמחנות,1,2
3516,מהמיססיאנערים,3,2
3517,מהמנהיגים,2,2
3518,מהמשלחת,1,2
3519,מהנוהים,1,8
3520,מהנכבד,1,2
3521,מהסודעבני,1,4
3522,מהענשל,1,0
3523,מהרורת,1,1
3524,מהרח,1,5
3525,מהריא,2,0
3526,מהריש,1,3
3527,מהרעדאקטערים,1,2
3528,מהרפובליקאנים,1,9
3529,מהרשי,1,0
3530,מהשוכנים,1,3
3531,מואב,1,77
3532,מוגהה,2,5
3533,מודינא,1,9
3534,מודעהלהורים,1,0
3535,מוהד,1,0
3536,מוהלין,1,1
3537,מוהראק,1,0
3538,מוהראש,2,0
3539,מוהרב,1,0
3540,מוהריפ,1,0
3541,מוהריש,1,1
3542,מוהרמס,1,0
3543,מוהרנ,1,0
3544,מוהרק,1,0
3545,מוואסלאי,1,0
3546,מווארמם,1,3
3547,מווארקי,1,20
3548,מווארשאמאתשווייצער,1,0
3549,מווירבאללען,1,0
3550,מווירצבורג,1,27
3551,מוולאזין,1,10
3552,מוחום,2,2
3553,מוטוט,1,2
3554,מוטוי,2,2
3555,מוידערשטראאט,1,8
3556,מוינעשט,2,35
3557,מויערבערגער,1,2
3558,מוירה,3,2
3559,מולדחם,1,1
3560,מוליכה,1,8
3561,מומיליאנו,1,2
3562,מונטיזינוס,2,2
3563,מונטיני,1,1
3564,מונטריאל,3,9
3565,מונקאטש,7,3
3566,מוסטאר,1,3
3567,מועפת,1,2
3568,מוצוד,1,1
3569,מוצות,1,3
3570,מוקדון,1,88
3571,מוראוויאוו,1,2
3572,מוראנאווסקי,1,62
3573,מורהנבוכים,2,0
3574,מורטירא,1,2
3575,מושלימאני,1,1
3576,מזגיש,1,1
3577,מזדעו,1,0
3578,מזוה,1,1
3579,מחאמסק,1,2
3580,מחפר,1,2
3581,מחרשק,1,0
3582,מחשכיו,1,1
3583,מחשע,1,2
3584,מטאגאנדאג,1,2
3585,מטאול,1,1
3586,מטבור,1,9
3587,מטהמ,1,0
3588,מטולידא,2,2
3589,מטוף,1,3
3590,מטורין,1,3
3591,מטנ,1,1
3592,מטעהעראן,1,13
3593,מטערלינג,1,2
3594,מטרעסטינא,1,1
3595,מטשערנובל,1,2
3596,מיאדאווא,1,17
3597,מיאדאווע,1,17
3598,מיאלטושקאוו,1,2
3599,מיאמסי,1,2
3600,מיאנאווא,2,8
3601,מיאפאן,1,5
3602,מיאקובשטאדט,1,0
3603,מיאראווא,1,2
3604,מיגש,1,5
3605,מידדלסברא,3,0
3606,מידור,2,4
3607,מיהאלי,2,3
3608,מיהלמאן,1,1
3609,מיוחשה,2,2
3610,מיורבורג,1,1
3611,מיחאלעווסקי,1,2
3612,מיטאו,1,1
3613,מיטאוו,2,0
3614,מיטאווא,1,1
3615,מיטאוי,8,11
3616,מיטוי,6,6
3617,מיטויא,2,18
3618,מיטס,1,2
3619,מיטראפאליט,1,0
3620,מייזיליש,1,1
3621,מיינכען,1,2
3622,מיינץ,2,12
3623,מייתנך,1,0
3624,מיכאלאווא,14,7
3625,מיכאלאווקא,3,4
3626,מיכעל,1,5
3627,מילאס,1,6
3628,מילאסלאוו,2,0
3629,מילגראם,1,1
3630,מילהויזין,3,2
3631,מילהויזען,2,9
3632,מילוואקי,5,3
3633,מילווע,1,4
3634,מיליאנא,1,1
3635,מילכשעפפער,1,3
3636,מינגהאם,1,3
3637,מינדערשטראסע,1,7
3638,מינכן,1,3
3639,מינכען,3,129
3640,מינכענגרעטץ,1,1
3641,מינסק,24,410
3642,מינקאוויץ,1,6
3643,מינריום,1,2
3644,מיסיונירית,1,1
3645,מיסלא,3,2
3646,מיסלאוויטשע,1,2
3647,מיעזעש,1,3
3648,מיעליץ,2,2
3649,מיקאלאש,2,2
3650,מיקקעל,1,2
3651,מיראוויע,1,0
3652,מיראנאוויטש,1,6
3653,מיראנדא,1,2
3654,מיראסלאוו,3,2
3655,מירון,1,11
3656,מירושלמי,1,22
3657,מירטאלא,1,0
3658,מירלים,1,0
3659,מירצאפור,1,2
3660,מירקעם,1,1
3661,מישהיה,1,0
3662,מישקאלץ,1,21
3663,מכוגה,1,2
3664,מכיק,1,0
3665,מכלכותא,1,4
3666,מכלכליהם,1,2
3667,מכלכם,1,1
3668,מכתביט,1,0
3669,מכתביסו,2,0
3670,מכתביסופרי,2,0
3671,מלאגדאן,1,2
3672,מלאווא,1,16
3673,מלאווע,2,3
3674,מלאווערם,1,3
3675,מלאמזע,1,3
3676,מלאנצוט,1,1
3677,מלונדן,1,4
3678,מלוצין,1,4
3679,מלידא,1,8
3680,מליווערפאל,1,11
3681,מליזענסק,1,2
3682,מליסבאן,1,3
3683,מללות,1,2
3684,ממאונו,1,1
3685,ממאזיר,1,9
3686,ממאלטא,2,7
3687,ממאנטרעאל,1,3
3688,ממאסואה,1,10
3689,ממארסיליא,1,2
3690,ממגורשי,1,18
3691,ממדותיהם,1,2
3692,ממהרל,3,0
3693,ממודינא,1,9
3694,ממולדתו,1,4
3695,ממחברו,2,1
3696,ממכיריי,1,1
3697,ממלתיה,1,2
3698,ממנחות,1,2
3699,ממעטץ,1,6
3700,ממריאין,1,1
3701,ממשפתה,1,2
3702,מנאוואראדאק,1,3
3703,מנאורי,1,2
3704,מנדולי,1,4
3705,מנהדרי,1,0
3706,מנהדרין,1,13
3707,מנודים,2,1
3708,מנותם,1,2
3709,מנחםאב,1,0
3710,מנחס,1,2
3711,מנטובא,1,2
3712,מנטובה,4,4
3713,מניך,1,24
3714,מניני,1,7
3715,מניקופולים,1,2
3716,מנכתבי,1,2
3717,מנמ,1,0
3718,מננצא,4,9
3719,מנסורה,1,1
3720,מנסיעתו,2,38
3721,מנסק,1,0
3722,מנצור,1,9
3723,מסביביו,1,3
3724,מסופיאה,1,2
3725,מסופריכם,1,2
3726,מסט,1,5
3727,מסטיסלאוו,8,7
3728,מסטנאבול,1,0
3729,מסיבתם,1,2
3730,מסידנייא,1,2
3731,מסיס,1,0
3732,מסכ,1,3
3733,מסככו,1,3
3734,מסלעתלרו,4,2
3735,מסעדליעץ,1,2
3736,מספא,1,2
3737,מסקאלא,2,1
3738,מסרדירה,1,1
3739,מעדוועדיטש,1,1
3740,מעדזיערי,1,1
3741,מעדעאה,1,2
3742,מעהרן,2,7
3743,מעהרען,3,42
3744,מעהררען,2,3
3745,מעזאפאטאמיען,1,3
3746,מעזבוז,1,1
3747,מעזיבוז,10,16
3748,מעזעריטץ,1,3
3749,מעזעריטש,4,18
3750,מעזריטש,1,37
3751,מעזשיראוו,1,0
3752,מעטטינג,1,0
3753,מעטעלין,1,3
3754,מעטצאווא,1,2
3755,מעיהק,1,0
3756,מעירינו,1,5
3757,מעלבארן,3,6
3758,מעלבורן,3,23
3759,מעלבורנע,4,12
3760,מעליטאפאל,5,9
3761,מעלניק,2,8
3762,מעלצער,1,6
3763,מעמנאפהים,1,2
3764,מעמעל,2,60
3765,מעמרו,1,2
3766,מענדילזא,1,1
3767,מענדילש,1,1
3768,מענכען,1,8
3769,מעססערם,1,0
3770,מעקין,1,2
3771,מעקלנבורג,2,1
3772,מערון,1,3
3773,מערטיר,3,5
3774,מערטער,4,7
3775,מעריכאווע,1,2
3776,מערל,1,2
3777,מערמילשטיין,1,2
3778,מערעץ,2,20
3779,מערעצינישעדעפארטאמענט,1,0
3780,מערצארום,1,11
3781,מערציג,2,2
3782,מערקהיים,1,2
3783,מפאוולאגראד,1,1
3784,מפארובה,1,2
3785,מפארמא,1,0
3786,מפוטקאמין,1,4
3787,מפורטוגאל,1,12
3788,מפיורדא,1,2
3789,מפיליפופול,2,8
3790,מפירשי,1,0
3791,מפנה,1,41
3792,מפעשט,1,2
3793,מפראו,2,3
3794,מפרידריכשטאדט,2,1
3795,מפשטן,1,1
3796,מפתאים,1,1
3797,מפתהו,1,2
3798,מצאנן,1,2
3799,מצאנציבאר,1,4
3800,מצבד,1,2
3801,מצדים,1,24
3802,מצוואת,1,3
3803,מצינציננאטי,1,2
3804,מצעטטיניע,2,2
3805,מצעטיגיע,1,7
3806,מצעטיניא,1,2
3807,מצרים,2,3383
3808,מקאזניץ,2,6
3809,מקאנסטאנטינאפיל,1,37
3810,מקאנסטאנטינופולי,1,3
3811,מקאנסטאנטינפול,1,3
3812,מקאנסטנטינופול,2,2
3813,מקאססעל,1,1
3814,מקאר,1,1
3815,מקארסין,1,2
3816,מקג,1,0
3817,מקודאן,1,1
3818,מקוח,1,3
3819,מקונסטאנטינופול,1,4
3820,מקונסטאנטינופולע,6,1
3821,מקופי,1,0
3822,מקורפו,1,31
3823,מקיססינגען,1,9
3824,מקלאד,1,3
3825,מקנאכען,1,15
3826,מקצהו,1,60
3827,מקרהנורא,1,0
3828,מראדאמישל,1,4
3829,מראסטאוו,1,4
3830,מרדכילע,1,1
3831,מרחצ,2,0
3832,מרייגראד,1,6
3833,מריל,3,0
3834,מרמ,1,0
3835,מרמבן,2,0
3836,מרמבע,1,0
3837,מרעותי,1,2
3838,מרעיר,1,2
3839,מרפוס,1,4
3840,מרקיש,1,1
3841,מרש,1,6
3842,מרשיליא,1,3
3843,משאחות,1,2
3844,משאירי,1,4
3845,משאראוו,1,2
3846,משוועדען,1,14
3847,משושו,1,15
3848,משחקהגורלות,1,0
3849,משטאקהאלס,1,2
3850,משטורמעק,1,1
3851,משילש,1,2
3852,משמא,1,5
3853,משמורים,1,0
3854,משמט,1,6
3855,משעבערשין,2,4
3856,משפהתו,1,1
3857,משתוקק,1,38
3858,מתחנויות,1,2
3859,מתיבות,1,16
3860,מתלמודי,2,3
3861,מתנוללים,1,3
3862,מתקך,1,2
3863,מתרגומי,1,2
3864,מתרגמן,1,2
3865,מתשבץ,2,1
3866,נאבע,1,2
3867,ןאגענטען,1,2
3868,נאדלער,1,1
3869,נאהאוולא,1,1
3870,נאוואאלכסנדריא,1,0
3871,נאוואארכאנגעלסק,1,0
3872,נאוואגארודאק,1,0
3873,נאוואגראד,3,12
3874,נאוואגראדוואלינסק,8,3
3875,נאוואגרודאק,4,10
3876,נאוואהראדאק,1,2
3877,נאוואהרדאק,1,2
3878,נאוואזיבקאוו,1,3
3879,נאוואזיבקוב,1,1
3880,נאוואטשערקאסק,1,3
3881,נאוואפראגא,1,0
3882,נאוואר,1,0
3883,נאוואראדאמסק,2,1
3884,נאוואראדאק,3,7
3885,נאווארעדאק,1,2
3886,נאווהרדאק,4,6
3887,נאוויגאראד,4,2
3888,נאוויגראד,3,8
3889,נאווידוואר,1,14
3890,נאווימינסק,1,2
3891,נאטטינגהאם,1,1
3892,נאטטשאלק,1,2
3893,נאיועמבר,1,1
3894,נאכטראג,1,1
3895,נאכנה,1,2
3896,נאלאווקי,1,6
3897,נאלאטץ,3,8
3898,נאלוב,2,1
3899,נאלעיוקי,2,7
3900,נאנטעס,1,1
3901,נאנסי,2,19
3902,נאסוי,1,5
3903,נאסטיין,1,3
3904,נאסטפריינד,3,0
3905,נאסייונאל,1,4
3906,נאסיר,1,7
3907,נאפארא,1,2
3908,נאצרא,1,1
3909,נאקעל,1,2
3910,נאראדיע,1,1
3911,נארביי,1,0
3912,נארדדייטשען,1,48
3913,נארדהויזען,3,3
3914,נארדלינגען,1,1
3915,נארדשטעטטען,1,4
3916,נארעשטיק,2,2
3917,נאשמה,1,5
3918,נאשעלסק,1,11
3919,נבוכדנצר,1,63
3920,נבופלאסר,1,2
3921,נגארן,2,0
3922,נגראד,1,0
3923,נדפסבפקודתהחברההקיסריתלדרישתקדמוניותרוסיא,1,0
3924,נהודה,2,2
3925,נהיתי,1,2
3926,נהרגה,1,28
3927,נהרים,1,127
3928,נהשם,1,2
3929,נואיארק,2,2
3930,נוארלעאנס,1,9
3931,נובערניות,1,3
3932,נוגענהיים,1,2
3933,נודזערזי,1,1
3934,נודשערסי,1,1
3935,נוות,1,3
3936,נוטט,1,4
3937,נויא,1,6
3938,נויאדק,1,0
3939,נויארק,3,405
3940,נויארקידיעות,1,0
3941,נומים,1,2
3942,נוסחת,1,42
3943,נחמין,1,3
3944,נחמשה,1,2
3945,נטסופרים,1,0
3946,נטער,1,3
3947,ניאמץ,1,4
3948,נידזד,1,1
3949,נידענבערג,1,3
3950,נידערלאנדען,1,4
3951,ניוארלעאן,1,0
3952,ניוארלעאנס,6,4
3953,ניוארק,1,0
3954,ניויארק,2,4
3955,ניויערסיי,1,0
3956,ניי,1,40
3957,נייאיארק,2,0
3958,נייאפעסט,1,0
3959,נייארק,1,24
3960,ניידא,1,3
3961,נייזאטץ,1,4
3962,נייטרא,6,18
3963,נייסע,1,2
3964,נייפארוואסער,2,0
3965,ניישטאדט,3,36
3966,ניישטעטטי,1,6
3967,ניישטעטין,8,8
3968,נימ,1,1
3969,נינובה,2,0
3970,ניסני,1,2
3971,ניסק,1,0
3972,ניעדערלאנד,1,9
3973,ניעזין,1,78
3974,ניעזשין,1,4
3975,ניעשוויז,1,7
3976,ניעשוויעו,1,2
3977,ניצליך,1,2
3978,ניקאלאיוב,1,3
3979,ניקאלס,1,1
3980,ניקאלסבורג,5,21
3981,ניקולאיוב,1,0
3982,ניקלשבורג,1,2
3983,נירינבערג,1,1
3984,נירנבערג,4,11
3985,נירעדי,1,3
3986,נירעדיהאזא,1,2
3987,נירעניהאזא,1,4
3988,נישוויעז,6,1
3989,נלבדה,1,3
3990,נמגים,1,2
3991,נמנם,1,1
3992,ננוה,1,11
3993,נסיבנא,1,5
3994,נעאלאגוס,1,1
3995,נעאפעל,1,46
3996,נעווארלעאנס,1,0
3997,נעוויראק,1,2
3998,נעוועל,1,1
3999,נעזין,1,2
4000,נעמאן,1,3
4001,נעמאקשט,1,1
4002,נעמירוב,1,10
4003,נעמער,1,3
4004,נענווער,1,1
4005,נענעווא,1,3
4006,נעשוויז,1,4
4007,נפאל,1,1
4008,נפעלד,1,2
4009,נפשטיין,1,2
4010,נצלב,1,3
4011,נקלף,1,2
4012,נקץ,1,3
4013,נריך,1,3
4014,נרעציא,1,2
4015,נרצחה,1,46
4016,נשיכטע,1,3
4017,נשמוע,1,2
4018,נשתבשה,1,12
4019,נתיהש,3,0
4020,נתייסדו,1,5
4021,סאדאגארא,10,3
4022,סאוועני,1,2
4023,סאטשכער,2,2
4024,סאכאטשוב,1,3
4025,סאלאנאוויץ,1,4
4026,סאלאק,1,1
4027,סאלוואטאר,1,6
4028,סאלוניק,1,45
4029,סאלוניקו,3,21
4030,סאלוניקי,1,52
4031,סאליניק,1,2
4032,סאלפאר,1,2
4033,סאמאקאף,6,13
4034,סאמאקוף,2,0
4035,סאמבאר,5,8
4036,סאמבור,1,3
4037,סאנגע,1,0
4038,סאנדאמיר,1,1
4039,סאנטאקרוץ,1,0
4040,סאןפראנציסקא,3,0
4041,סאנקט,1,5
4042,סאפיה,2,14
4043,סאקאלקא,2,25
4044,סאקראמענטא,2,2
4045,סאראטאוו,1,19
4046,סאראקא,5,16
4047,סאראקי,2,13
4048,סארדיניא,1,7
4049,סארוואר,2,1
4050,סאריא,2,2
4051,סבאיי,1,2
4052,סבבת,1,3
4053,סבורי,1,7
4054,סביבת,1,4
4055,סביוניטה,4,7
4056,סגגים,2,2
4057,סגורו,1,2
4058,סגורי,1,2
4059,סגיאטין,1,8
4060,סגם,1,1
4061,סדילקאב,4,14
4062,סדילקאוו,1,11
4063,סדילקוב,2,6
4064,סדע,1,0
4065,סואקים,1,9
4066,סובאלק,12,161
4067,סובאלקי,7,12
4068,סובי,1,6
4069,סודארג,1,1
4070,סוויסלאץ,3,11
4071,סוויר,1,6
4072,סוטיר,1,4
4073,סוטשאווע,1,2
4074,סויקא,1,3
4075,סוכאלק,2,1
4076,סוכסתבר,1,1
4077,סולכת,1,1
4078,סומקין,1,1
4079,סופ,1,18
4080,סופב,1,3
4081,סופיאה,8,7
4082,סופיה,1,24
4083,סופריםדברים,1,0
4084,סופריםהאלבערשטאדט,1,0
4085,סופריםחנוך,1,0
4086,סופריםטעלז,1,0
4087,סופריםפרעסבורג,1,0
4088,סופריםקיוב,1,0
4089,סופריםשאוועל,1,0
4090,סוראז,1,17
4091,סוראזש,1,7
4092,סוריא,1,368
4093,סוריה,1,9
4094,סחירות,1,8
4095,סטאוויסק,5,16
4096,סטאלבון,2,1
4097,סטאלבצי,4,11
4098,סטאנטינאפעל,1,8
4099,סטאניסלאב,1,2
4100,סטאניסלאווטשיק,2,1
4101,סטאניסלוי,3,7
4102,סטאניסלויא,5,3
4103,סטאסאוו,1,1
4104,סטאקהאלם,2,0
4105,סטאראדוב,5,8
4106,סטארארוב,1,1
4107,סטארארוסא,2,2
4108,סטארידוב,2,1
4109,סטאריפאלסקי,1,1
4110,סטופצי,2,5
4111,סטוצין,1,4
4112,סטילא,1,2
4113,סטעביא,1,3
4114,סטעפאניץ,1,4
4115,סטעפניץ,2,2
4116,סטעפענין,1,1
4117,סטעפעניץ,6,17
4118,סטראקוניץ,1,3
4119,סטרי,3,15
4120,סטריווקע,1,0
4121,סטרייךאונגארן,4,0
4122,סיבריע,1,0
4123,סיגאל,1,0
4124,סיגאררע,1,2
4125,סיגוט,1,1
4126,סיגעט,3,5
4127,סידורים,1,10
4128,סיוון,5,10
4129,סיוועני,1,2
4130,סייטקאוו,1,0
4131,סייני,1,79
4132,סיכין,1,0
4133,סיליסטריא,1,41
4134,סימבירסק,1,11
4135,סימלא,2,6
4136,סימעאן,1,1
4137,סימפעראפאל,2,22
4138,סימפעראפעל,7,4
4139,סינאי,1,2
4140,סיניאווא,1,2
4141,סיניציא,1,2
4142,סיס,1,21
4143,סיסטאווא,1,39
4144,סיסם,1,2
4145,סיעוו,1,3
4146,סיעראדז,1,6
4147,סיפורנו,3,1
4148,סיקאנער,1,0
4149,סיראקיוז,1,1
4150,סיריליו,1,3
4151,סיריען,1,6
4152,סירפינטים,1,0
4153,סכינא,1,5
4154,סלאבאדע,3,0
4155,סלאוויאנסקי,1,5
4156,סלאוויטא,3,14
4157,סלאנים,8,135
4158,סלוניקי,1,3
4159,סלוצק,7,43
4160,סלוצקין,1,0
4161,סלטאן,1,2
4162,סמאליענסק,2,1
4163,סמאלענסק,2,58
4164,סמיכי,1,34
4165,סמילא,4,34
4166,סמיעסלסקי,1,2
4167,סמירנא,2,39
4168,סמירנה,1,2
4169,סמכהו,1,2
4170,סמערלינג,1,0
4171,סנאווסק,1,2
4172,סניאטין,3,9
4173,סס,1,35
4174,ססס,1,5
4175,סעא,1,0
4176,סעבאסטופול,1,6
4177,סעגאפיא,1,2
4178,סעגעדין,1,22
4179,סעוואס,1,0
4180,סעוואסטאפאל,1,38
4181,סעלץ,5,2
4182,סעמאטיטש,1,0
4183,סעמיאטין,1,0
4184,סעמיאטיץ,4,0
4185,סעמיאנאווקא,1,6
4186,סעמירעציע,2,0
4187,סעמענאווקא,2,1
4188,סענאל,1,2
4189,סענאפיא,1,5
4190,סענטגראט,1,0
4191,סענעדין,1,12
4192,סענעוויץ,1,2
4193,סעפטעמבר,1,483
4194,סעפלאק,7,0
4195,סעפרייי,1,2
4196,סעראיי,1,2
4197,סעראיעווא,1,18
4198,סערדאהעל,1,1
4199,סערהייא,9,15
4200,סערוועטען,1,0
4201,סעריאווא,1,2
4202,סעריי,1,2
4203,סערייעווא,4,1
4204,סערעד,1,2
4205,סערעט,1,2
4206,ספרד,1,1664
4207,ספרר,1,14
4208,סקאליען,2,7
4209,סקאפין,2,9
4210,סקד,2,0
4211,סקווער,1,4
4212,סקוליאן,5,2
4213,סקידעל,4,2
4214,סקלויא,1,2
4215,סקראנטאן,1,2
4216,סש,1,6
4217,סתיהון,2,2
4218,סתימין,1,1
4219,עבערהארד,1,10
4220,עבערים,1,1
4221,עברכו,1,3
4222,עגיפטען,1,2
4223,עדינבורג,1,18
4224,עדכאן,1,0
4225,עדלמאן,2,2
4226,עהבי,1,0
4227,עהיה,1,4
4228,עהק,4,1
4229,עהרלין,3,2
4230,עהרענפרייז,1,14
4231,עהרענרייך,3,2
4232,עוועננט,1,0
4233,עוופאטאריא,1,0
4234,עוזבות,1,14
4235,עופא,2,2
4236,עזכהו,1,1
4237,עטווא,1,5
4238,עטלינגר,1,2
4239,עטקאמפ,2,0
4240,עיגון,1,9
4241,עיהק,4,0
4242,עייש,1,1
4243,עיר,1,10642
4244,עירבו,1,2
4245,עיש,1,4
4246,עכיים,1,1
4247,עלבונג,1,3
4248,עלבערג,1,1
4249,עלבערפעלד,1,19
4250,עלווא,1,0
4251,עלזאם,2,40
4252,עלחוף,1,0
4253,עליאש,1,6
4254,עליסאבעטאפאל,1,1
4255,עליק,1,2
4256,עלעקטאראל,1,1
4257,עלעקטראלנע,1,2
4258,עלקרקעות,1,0
4259,עלתחנות,1,1
4260,עמבערג,3,3
4261,עמדען,2,10
4262,עמפפיעהלט,1,144
4263,ענ,1,53
4264,ענדנא,1,3
4265,ענטד,1,0
4266,עניגסבערג,2,4
4267,עניותה,1,2
4268,עניתה,1,0
4269,ענסק,1,2
4270,ענריקא,1,4
4271,ענתם,1,2
4272,עסא,1,4
4273,עסטער,1,6
4274,עסטריי,1,5
4275,עסטרייד,9,14
4276,עסטרייךאוגארן,1,0
4277,עסטרייךאונגאר,19,0
4278,עסטרייךאונגארי,5,0
4279,עסטרייךאונגארין,5,0
4280,עסטרייךאונגארן,1,0
4281,עסטרייךאונגארען,12,0
4282,עסטרייךאונגאררן,1,0
4283,עססלינגען,1,2
4284,עססעג,1,2
4285,עפטעמבר,1,1
4286,עפיראס,2,1
4287,עפירום,1,1
4288,עקאטערינאסלאוו,1,1
4289,עקבת,1,2
4290,עקדאומיא,1,0
4291,עקק,1,5
4292,עקשטיין,1,10
4293,ערג,1,26
4294,ערדענזאהן,1,0
4295,עריוואן,1,15
4296,ערליך,1,3
4297,ערסבורג,2,5
4298,ערצארום,1,19
4299,ערציהונגסאינסטיטוט,1,0
4300,עררארא,1,0
4301,עררחה,1,0
4302,ערשיינענדע,1,3
4303,עשיים,1,2
4304,עשיתיך,1,2
4305,עשקה,1,5
4306,עשקום,1,7
4307,פאביאנץ,2,2
4308,פאגעלשטיין,1,5
4309,פאדאליא,3,4
4310,פאדאליע,1,10
4311,פאדאליען,2,40
4312,פאדאלען,1,0
4313,פאדברדז,4,0
4314,פאדגורסקי,1,2
4315,פאדהאיצע,2,1
4316,פאדהייצע,7,2
4317,פאדהייצען,2,5
4318,פאדוא,2,2
4319,פאדובה,1,12
4320,פאדוטורק,1,0
4321,פאדזעל,1,2
4322,פאדזעלווי,4,10
4323,פאדיז,2,10
4324,פאהאר,1,5
4325,פאוולאגראד,5,7
4326,פאוולאווסקע,1,3
4327,פאוולאווקע,4,4
4328,פאזעוואלק,3,9
4329,פאזען,2,170
4330,פאטטאי,1,8
4331,פאטקאוו,1,0
4332,פאטריארכען,1,3
4333,פאטשאנאווסקי,1,0
4334,פאטשעפ,2,3
4335,פאלאגיי,1,4
4336,פאלאטין,1,2
4337,פאלאנגען,18,15
4338,פאלאנקא,2,12
4339,פאלאצאק,1,0
4340,פאלטאווא,9,48
4341,פאלטאווע,8,25
4342,פאלטווא,1,0
4343,פאלטוסק,4,6
4344,פאלטישען,2,10
4345,פאלטישעני,1,8
4346,פאליאקאו,1,5
4347,פאליעסטראנד,1,1
4348,פאליר,1,4
4349,פאללענדעט,1,0
4350,פאללק,1,1
4351,פאלמען,1,23
4352,פאלנאוו,2,4
4353,פאלען,1,323
4354,פאלערמא,1,13
4355,פאלעשט,5,6
4356,פאלעשטי,3,9
4357,פאמא,1,2
4358,פאמיליענפאפירע,1,1
4359,פאמלער,1,2
4360,פאממערען,3,4
4361,פאמערן,1,6
4362,פאמפעיום,1,8
4363,פאנו,1,11
4364,פאנוראווקא,2,1
4365,פאנטרעמאלי,1,2
4366,פאניגייל,1,3
4367,פאניוועז,14,27
4368,פאניווען,1,2
4369,פאניעוועז,4,23
4370,פאנסילוואניה,1,0
4371,פאנעוויעז,8,8
4372,פאסאדי,1,0
4373,פאסוואל,3,14
4374,פאסטא,1,4
4375,פאסטאווא,1,1
4376,פאסטרעסטאנט,1,2
4377,פאסין,1,2
4378,פאסמאן,1,0
4379,פאססישע,1,2
4380,פאפא,1,10
4381,פאפארט,1,2
4382,פאפארש,1,2
4383,פאפירני,1,35
4384,פאפפענהיים,1,3
4385,פאפקיעי,2,1
4386,פאצע,2,2
4387,פאצעפ,2,13
4388,פאקאץ,1,0
4389,פאקס,6,7
4390,פאקסי,1,2
4391,פאקעטפאהרטאקטיען,1,16
4392,פאקש,1,1
4393,פאראד,2,1
4394,פאראזאווא,2,4
4395,פאראזאוע,3,2
4396,פאראליען,4,13
4397,פארבשטיין,1,0
4398,פארגעדרוקקטען,1,3
4399,פארגעס,1,4
4400,פארגער,1,17
4401,פארדערעפארשטאדט,1,0
4402,פארובא,1,3
4403,פארובה,1,7
4404,פארוואה,1,2
4405,פארזעלווי,2,2
4406,פארטגעזעטצט,1,2
4407,פארטוגאל,1,38
4408,פארטינאטאל,1,1
4409,פארטלאנד,3,4
4410,פארטסמוטה,2,17
4411,פארטענהיים,1,4
4412,פאריז,4,2204
4413,פאריס,1,44
4414,פאריצק,1,1
4415,פאריש,5,19
4416,פארמא,1,16
4417,פארסטען,1,4
4418,פארעדאווע,1,2
4419,פארעטשיע,1,1
4420,פארצייט,1,3
4421,פאשקאוו,1,4
4422,פאשקוז,1,3
4423,פדואה,1,2
4424,פדיונים,1,2
4425,פדייזען,1,2
4426,פדעת,1,2
4427,פהאלען,1,1
4428,פהאר,1,4
4429,פהיל,2,0
4430,פהילאדעלפהיא,3,9
4431,פהילאדעלפיא,1,31
4432,פהילאדעלפיע,1,2
4433,פהילאזאפהען,1,2
4434,פהילידאלפהיע,1,1
4435,פהיליפאפעל,3,19
4436,פהיליפופול,1,1
4437,פהיליפפאס,1,3
4438,פהישע,1,3
4439,פהל,1,1
4440,פודגוריצא,2,1
4441,פודהייץ,6,1
4442,פוזין,1,5
4443,פוזן,8,6
4444,פוזנא,2,49
4445,פוחאף,2,3
4446,פוטוגראפיא,1,2
4447,פוילין,1,30
4448,פוילען,1,12
4449,פוכליאק,1,1
4450,פולדא,2,17
4451,פולין,1,1221
4452,פולנאי,1,3
4453,פולקאווא,2,1
4454,פונה,1,350
4455,פונים,1,387
4456,פונסק,1,2
4457,פוראטין,1,2
4458,פורוש,1,1
4459,פטב,1,0
4460,פטכ,1,0
4461,פטמות,1,109
4462,פטען,1,3
4463,פטרב,2,8
4464,פטרבורג,2,610
4465,פטרסבורג,2,10
4466,פטרקוב,1,0
4467,פיאטרא,2,35
4468,פיאטרה,1,3
4469,פיאטרע,2,1
4470,פיאטרקוב,1,1
4471,פיאסעצנא,1,8
4472,פיאצענצא,1,1
4473,פיומי,1,2
4474,פיורדא,1,12
4475,פיזרו,1,5
4476,פיטטסבורג,3,2
4477,פיטסבורג,4,12
4478,פיטערסבורג,1,0
4479,פיטעשטי,2,1
4480,פיטרבורג,1,18
4481,פיטרסבורג,1,2
4482,פיטרקוב,2,0
4483,פיטשאלא,1,3
4484,פייביש,1,10
4485,פייבש,1,12
4486,פייגענבערג,1,2
4487,פייטילסאהן,1,2
4488,פיינסט,1,0
4489,פייסרו,1,0
4490,פייעל,2,2
4491,פייקסאטטא,1,0
4492,פילאדעלפיא,1,31
4493,פילדלפיה,2,0
4494,פילווישאק,2,6
4495,פילזען,6,14
4496,פילטוס,1,2
4497,פיליפאווסקי,1,6
4498,פיליפאפעל,1,9
4499,פיליפופולי,1,1
4500,פיליפופוליש,1,0
4501,פיליפפזאהן,1,4
4502,פינאוו,1,7
4503,פינגערהיטע,1,0
4504,פינטשוב,4,13
4505,פינימאוויץ,1,0
4506,פיננע,5,4
4507,פינסק,2,170
4508,פינפהויז,2,15
4509,פינפקידכען,6,3
4510,פינפקירכען,2,9
4511,פיסרו,1,1
4512,פיעטערקאוו,2,1
4513,פיעטערקוב,1,3
4514,פיעטרקאב,5,2
4515,פיעטרקאוו,5,20
4516,פיעטרקוב,1,56
4517,פיקלען,1,2
4518,פיקעלן,1,6
4519,פיראטין,13,23
4520,פירארא,1,5
4521,פירארה,1,3
4522,פירטה,5,11
4523,פיריאטין,3,10
4524,פירינצי,3,3
4525,פיריש,1,2
4526,פירסטענוואלדע,1,2
4527,פישאך,1,4
4528,פכט,1,1
4529,פכתבי,2,2
4530,פלאהם,1,5
4531,פלאטקין,1,3
4532,פלאיעטשי,1,3
4533,פלאיעשטי,2,4
4534,פלאכס,1,3
4535,פלאמיניא,1,1
4536,פלאנד,1,2
4537,פלאנטאזש,1,8
4538,פלאנטאש,1,0
4539,פלאצק,4,104
4540,פלארידסדארף,1,2
4541,פלאריסדארף,1,3
4542,פלארענציא,1,1
4543,פלד,1,0
4544,פלוגיאן,1,0
4545,פלויט,1,18
4546,פלונו,1,1
4547,פלונסק,8,53
4548,פלונתייהו,1,2
4549,פלורינץ,1,2
4550,פליימוטה,1,1
4551,פלימו,1,1
4552,פלימוטה,1,4
4553,פליסקאוו,2,7
4554,פליער,1,0
4555,פלך,8,856
4556,פלעקעלס,2,1
4557,פניהקיסר,1,0
4558,פנסק,1,0
4559,פסאד,1,2
4560,פסור,1,3
4561,פסקאוו,1,6
4562,פסקהדין,1,0
4563,פסקוב,1,0
4564,פסקתא,1,3
4565,פעאדאסיא,3,5
4566,פעברואד,1,7
4567,פעטע,3,8
4568,פעטעו,1,3
4569,פעטערב,1,2
4570,פעטערבורג,1,149
4571,פעטערבורגה,2,3
4572,פעטערמאנן,1,4
4573,פעטערס,1,13
4574,פעטערסבוג,1,3
4575,פעטערסבורג,2,813
4576,פעטערסבורגער,1,25
4577,פעטערקוב,1,0
4578,פעטראוויץ,1,11
4579,פעטראפאוולאווקא,1,2
4580,פעטראקאוו,1,3
4581,פעטרבורג,2,16
4582,פעטרס,1,0
4583,פעטרסבורג,2,157
4584,פעטרעקאוו,4,0
4585,פעטרקוב,3,4
4586,פעיהק,2,0
4587,פעלישאט,1,1
4588,פעלנער,1,2
4589,פענזי,1,3
4590,פענעדיג,2,9
4591,פעסט,2,367
4592,פעסטה,2,7
4593,פעסם,1,1
4594,פעסענקא,1,7
4595,פעקין,1,16
4596,פעראים,1,2
4597,פערגלייכענדען,1,2
4598,פערהאנדעלט,1,0
4599,פערזיען,1,3
4600,פערטרעגע,2,3
4601,פערטרעטונג,1,3
4602,פעריאסלאוו,1,20
4603,פעריעסלאוו,1,4
4604,פערעיאסלאוו,2,36
4605,פערעקאפ,1,6
4606,פערפאללקאממעט,1,4
4607,פערציג,1,2
4608,פעשט,5,13
4609,פפארצהיים,1,1
4610,פפדמ,15,0
4611,פפדמנו,5,0
4612,פפדס,1,0
4613,פפענינ,1,1
4614,פפערזעע,5,2
4615,פפרמ,17,0
4616,פקק,1,5
4617,פראבק,1,4
4618,פראג,7,370
4619,פראגא,2,159
4620,פראגה,2,11
4621,פראגער,2,6
4622,פראמפאל,2,1
4623,פראנ,1,18
4624,פראנניסקא,1,1
4625,פראנצאז,1,19
4626,פראנציסקאנער,1,12
4627,פראנצישק,1,0
4628,פראנצישקו,3,2
4629,פראנצסקא,1,1
4630,פראנקוס,1,1
4631,פראנקפורט,1,464
4632,פראסניטץ,5,9
4633,פראסניץ,2,3
4634,פראסקורוב,1,11
4635,פראסקרוב,1,3
4636,פראשניץ,2,29
4637,פרגא,1,14
4638,פרגזיות,1,1
4639,פרגמטיא,1,2
4640,פרוזאן,1,1
4641,פרוזין,1,1
4642,פרוזשאני,1,1
4643,פרועת,1,2
4644,פרופוס,1,1
4645,פרופס,1,3
4646,פרושניץ,1,1
4647,פרזעמישל,2,5
4648,פריאסלוב,4,1
4649,פריבורג,1,2
4650,פרידענשטיין,1,7
4651,פרייבורג,6,14
4652,פרייט,1,2
4653,פרייסן,1,1
4654,פרייססען,1,13
4655,פריישטאדטל,3,1
4656,פרילוק,1,3
4657,פרילוקי,1,8
4658,פרינס,1,3
4659,פריסעצינע,1,1
4660,פריעזענהיים,1,2
4661,פריער,1,3
4662,פרמישלא,3,3
4663,פרנקפורט,2,3
4664,פרסומי,1,6
4665,פרעמיסלא,11,6
4666,פרעמישלא,2,2
4667,פרען,14,24
4668,פרעסבורג,2,105
4669,פרעסלאוו,2,1
4670,פרעסס,1,4
4671,פרעססבורג,3,32
4672,פרעעסע,1,4
4673,פרעשבורג,1,14
4674,פרשבורג,1,4
4675,פרשעדבורז,7,3
4676,פרשעמיסל,5,8
4677,פשחים,1,1
4678,פשעמיסל,1,1
4679,פשעמישל,2,2
4680,פתיא,1,2
4681,פתיק,1,2
4682,צאוויץ,1,2
4683,צאחב,1,1
4684,צאלאלעווע,2,2
4685,צאלאעגערסעג,2,0
4686,צאללפעראיין,1,0
4687,צאלקין,1,5
4688,צאנז,1,2
4689,צאנטא,1,3
4690,צאראוץ,1,2
4691,צאריצין,2,20
4692,צאשניק,2,5
4693,צובא,2,32
4694,צובה,2,56
4695,צווארניק,1,7
4696,צווייאמאל,1,1
4697,צוועבנער,2,3
4698,צוער,1,9
4699,צוקסהאפען,7,2
4700,צוקערמאנדעל,1,11
4701,צוקקערמא,1,2
4702,צוקקערמאנדעל,2,5
4703,צטיף,1,1
4704,ציארמורק,1,2
4705,צידון,1,23
4706,ציון,1,3756
4707,ציזלינג,1,4
4708,צייטיג,1,7
4709,צייקעסאק,1,2
4710,ציכאצינעק,1,2
4711,צינדהעלצכען,1,1
4712,צינץ,1,5
4713,צינצינאטא,3,2
4714,צינצינאטי,3,28
4715,צינצינאטע,2,2
4716,צינציננאטי,1,7
4717,ציסע,2,0
4718,ציעכאצינעק,1,1
4719,ציפין,2,0
4720,ציריך,2,67
4721,צירקעס,1,0
4722,צנעא,2,25
4723,צנעה,3,12
4724,צעטטיניע,1,2
4725,צעטיגיע,1,9
4726,צעטיניע,1,3
4727,צערגאוויץ,1,3
4728,צערלינקא,1,3
4729,צערקאסק,1,2
4730,צפונימערבי,1,0
4731,צפוניתמזרחית,1,0
4732,צפת,5,485
4733,צרון,1,1
4734,קאאירא,1,2
4735,קאבם,1,2
4736,קאברין,7,35
4737,קאדיז,1,0
4738,קאדני,1,2
4739,קאדען,1,1
4740,קאדר,1,1
4741,קאואליאן,2,2
4742,קאוואל,4,28
4743,קאוואליא,6,3
4744,קאוואנגארי,1,5
4745,קאווינא,1,1
4746,קאוולע,1,15
4747,קאוונא,12,610
4748,קאוונאנו,1,0
4749,קאוונע,2,12
4750,קאוועל,3,16
4751,קאזאבלאנקא,1,2
4752,קאזאלע,5,7
4753,קאזאן,1,14
4754,קאזאנסק,1,2
4755,קאזי,1,2
4756,קאזלין,1,2
4757,קאזניץ,1,2
4758,קאזעניץ,1,1
4759,קאחאווקא,1,3
4760,קאחאנאווא,2,1
4761,קאטאהולא,1,2
4762,קאטאוויטץ,1,3
4763,קאטאוויץ,3,18
4764,קאטאפאקסי,1,4
4765,קאטבוס,2,2
4766,קאטהערינעקאנאל,1,0
4767,קאטטאוויטץ,1,5
4768,קאטערינאסלאוו,1,3
4769,קאיבער,1,18
4770,קאיונא,1,0
4771,קאיניץ,1,9
4772,קאיעטיין,1,3
4773,קאירה,1,0
4774,קאירואן,1,2
4775,קאכין,1,0
4776,קאלאמב,1,3
4777,קאלאמבוס,1,10
4778,קאלאמנא,1,0
4779,קאלאמנע,1,4
4780,קאלאמע,6,2
4781,קאלאמעא,1,41
4782,קאלאמעיא,1,1
4783,קאלאראש,7,21
4784,קאלוגא,1,10
4785,קאלוואריע,1,22
4786,קאלוועריע,1,2
4787,קאלטאר,1,1
4788,קאלין,1,8
4789,קאליס,1,0
4790,קאליפארניא,1,8
4791,קאליראש,1,4
4792,קאלמאנזאהן,1,1
4793,קאלמאר,1,19
4794,קאלן,7,16
4795,קאלנא,1,18
4796,קאלסקער,1,1
4797,קאלעי,1,1
4798,קאלקוטא,3,14
4799,קאמיניצקי,1,2
4800,קאמינעץ,1,8
4801,קאמיר,1,1
4802,קאממאנדער,1,3
4803,קאמען,1,6
4804,קאמענטאר,1,1
4805,קאמעניטץ,1,7
4806,קאמעניעץ,2,2
4807,קאמעניעץפאדאלסק,1,0
4808,קאמעניץ,4,22
4809,קאמעניץפאדאלסק,1,0
4810,קאמענץ,1,0
4811,קאנאטאפ,6,18
4812,קאנזאס,1,3
4813,קאניגס,1,1
4814,קאניגסבערג,2,7
4815,קאניזשא,1,0
4816,קאנין,3,8
4817,קאנסטאנטינא,1,8
4818,קאנסטאנטינאגראד,2,7
4819,קאנסטאנטינאפול,1,235
4820,קאנסטאנטינאפיל,1,148
4821,קאנסטאנטינאפעל,7,31
4822,קאנסטאנטינופול,1,0
4823,קאנסטאנטינופולי,5,2
4824,קאנסטאנטינופילי,1,0
4825,קאנסטאנטיננאפעל,3,2
4826,קאנסטאנטינע,1,4
4827,קאנסטאנפינאפאל,1,59
4828,קאנסטנטינאפל,2,3
4829,קאנסטנטינאפעל,1,69
4830,קאנסענס,1,1
4831,קאנסקאוואלא,1,0
4832,קאנעא,2,8
4833,קאנעללע,1,10
4834,קאסאווא,1,8
4835,קאסאווע,1,8
4836,קאסוב,1,1
4837,קאסטאמוני,1,1
4838,קאסטיאקאווסקי,1,0
4839,קאסטעלנוווא,1,0
4840,קאסיטש,1,0
4841,קאסניטין,1,1
4842,קאססאוויטש,1,1
4843,קאססאווע,1,2
4844,קאססלין,1,0
4845,קאססעל,1,109
4846,קאפוליע,2,7
4847,קאפולע,2,3
4848,קאפוסט,3,18
4849,קאפישאק,2,2
4850,קאפסולי,1,1
4851,קאפעללען,6,2
4852,קאפענהאגען,6,25
4853,קאפענהאנען,1,12
4854,קאפענהויז,1,0
4855,קאפפעלעפפעלען,1,3
4856,קאפצווע,2,1
4857,קאפשטאדט,1,9
4858,קאצינעלינבויגען,1,3
4859,קאצענעלסאן,1,2
4860,קאקאני,1,0
4861,קאראלאווקא,3,2
4862,קאראלופקא,4,6
4863,קאראסון,1,0
4864,קארדינאל,1,12
4865,קארדיף,1,2
4866,קארזא,1,1
4867,קארזיקא,1,19
4868,קארזיקאנער,1,43
4869,קארטשאג,2,2
4870,קאריאו,1,8
4871,קארלאווא,3,7
4872,קארלובה,3,2
4873,קארלין,1,80
4874,קארלסרוא,1,2
4875,קארלסרוה,1,2
4876,קארלסרוהע,12,4
4877,קארלשטאד,5,1
4878,קארלשטאדט,7,15
4879,קארמא,2,2
4880,קארמליטע,1,2
4881,קארסאן,7,17
4882,קארסון,3,5
4883,קארסיקא,1,35
4884,קארסיקאנד,1,2
4885,קארעליטש,1,1
4886,קארעספאנדענציע,1,1
4887,קארעץ,2,39
4888,קארפאניטי,1,1
4889,קארפאר,1,0
4890,קארפו,1,123
4891,קארפוער,1,6
4892,קארפילאוו,1,1
4893,קארפענטראס,1,2
4894,קאררע,1,5
4895,קאשוי,7,4
4896,קאשויא,1,6
4897,קאשיץ,1,1
4898,קאתוליקי,1,2
4899,קבאנסק,1,2
4900,קבג,1,0
4901,קבצתין,1,2
4902,קדיוואזער,1,1
4903,קדמוהי,1,2
4904,קהאירא,1,1
4905,קהיווא,1,5
4906,קהילת,1,4
4907,קובאן,1,7
4908,קובן,1,5
4909,קוגין,1,0
4910,קודיער,1,21
4911,קוואהל,2,1
4912,קווירינאל,1,1
4913,קווניצא,2,3
4914,קוזניצא,7,4
4915,קוטטאיסאוו,1,2
4916,קויטמאנן,1,3
4917,קויפמאכן,1,2
4918,קויפמעננישער,1,1
4919,קולטורגעשיכטע,1,3
4920,קומאסי,3,0
4921,קומיסיאן,1,7
4922,קונדאנסקי,1,2
4923,קונייה,3,2
4924,קוניץ,1,2
4925,קונסטאנטינופול,1,6
4926,קונסטאנטינופולי,10,14
4927,קונסטאנטינופלה,1,5
4928,קונסטנטינאפעל,1,2
4929,קונסק,2,6
4930,קוסטא,1,5
4931,קוסטאן,1,1
4932,קוסטאנטינופאלע,2,1
4933,קוסטאנטינופולי,2,6
4934,קוסטאקי,1,2
4935,קוע,1,1
4936,קופישאק,3,7
4937,קופעדניק,1,2
4938,קופעלמאן,1,1
4939,קוקאנד,3,4
4940,קוראוו,3,1
4941,קורזאכסען,1,0
4942,קורטבא,2,2
4943,קורטי,1,3
4944,קוריאו,1,6
4945,קורייר,1,1
4946,קורסיקא,1,8
4947,קורעניץ,3,4
4948,קורפו,1,273
4949,קורקו,1,0
4950,קורשאן,1,13
4951,קושטא,1,38
4952,קושטנדינה,1,0
4953,קושטנטינא,3,1
4954,קטז,1,0
4955,קטיטל,1,2
4956,קטעסיפון,1,2
4957,קיב,1,1
4958,קיבארטי,1,6
4959,קיוב,8,490
4960,קיז,1,0
4961,קיטאיי,1,4
4962,קיטיינסקי,1,0
4963,קיידאן,4,24
4964,קיידעל,1,3
4965,קייויי,1,4
4966,קיירואן,1,2
4967,קילדא,2,8
4968,קיססיננען,3,1
4969,קיעב,3,43
4970,קיעוו,3,112
4971,קיעווליאנין,1,3
4972,קיעווער,1,6
4973,קיעי,1,1
4974,קיעל,1,24
4975,קיעלץ,3,23
4976,קיפערמאן,1,2
4977,קירכען,2,6
4978,קירן,1,2
4979,קירשבוים,1,6
4980,קישינוב,5,66
4981,קישיניוב,3,12
4982,קישיניעוו,1,16
4983,קישינעוו,2,4
4984,קישינעף,4,0
4985,קישעניעוו,1,2
4986,קישענעוו,4,6
4987,קכו,1,0
4988,קכז,1,0
4989,קלאטשען,1,4
4990,קלאססינג,1,3
4991,קלד,1,0
4992,קלויזענבורג,1,5
4993,קלז,1,0
4994,קלטן,1,2
4995,קליאטשע,1,2
4996,קליבאנאוו,1,1
4997,קליוולאנד,1,15
4998,קלייד,1,2
4999,קלימאוויטש,1,4
5000,קלינין,1,4
5001,קליף,1,1
5002,קלמין,1,0
5003,קלמןשולמאן,1,0
5004,קלניות,1,8
5005,קלעא,1,7
5006,קלעוו,3,2
5007,קלעטשעווא,1,3
5008,קלעצק,2,10
5009,קנאבעןאינסטיטוט,1,0
5010,קנאבעןאינשטיטוט,1,0
5011,קנאבענפאנסיאן,1,0
5012,קנויז,1,0
5013,קניאשעוואטץ,1,3
5014,קנישין,8,27
5015,קנעמי,1,0
5016,קעלליר,1,3
5017,קעללן,1,1
5018,קעלם,5,23
5019,קעלן,1,70
5020,קעלנישעצייטונג,1,0
5021,קעלץ,1,14
5022,קעמפען,1,10
5023,קענ,2,11
5024,קעניגגרעץ,1,2
5025,קעניגס,2,13
5026,קעניגסבורג,6,3
5027,קעניגסבערג,2,250
5028,קעניגסווערטער,2,4
5029,קעסטין,1,7
5030,קעסקעמעט,1,1
5031,קערטש,1,12
5032,קערמאנן,1,0
5033,קערקוק,1,12
5034,קעשטעלי,1,0
5035,קעשינוב,1,7
5036,קעשינעוו,1,2
5037,קפג,1,0
5038,קצני,1,1
5039,קצראי,1,0
5040,קקיון,1,2
5041,קראאציען,5,8
5042,קראוואזאר,1,1
5043,קראז,1,6
5044,קראטאשין,1,20
5045,קראטינגא,1,4
5046,קראטינגע,2,8
5047,קראטשין,7,1
5048,קראיאווא,3,23
5049,קראיענקאמפף,2,46
5050,קראלאוויץ,1,1
5051,קראלעוויץ,2,3
5052,קראנויעוואטץ,1,1
5053,קראנשטאדט,3,5
5054,קראסוב,2,4
5055,קראסי,1,0
5056,קראסילוב,10,5
5057,קראסנא,2,6
5058,קראסנאשעלסק,1,1
5059,קראסנעפאליע,1,2
5060,קראספף,1,0
5061,קראפמאן,1,5
5062,קראקא,5,282
5063,קראקאאני,1,1
5064,קראקאנאווע,4,2
5065,קראקוי,2,40
5066,קראקויא,22,42
5067,קראקונאווא,1,1
5068,קראקינאווע,1,4
5069,קראשניק,1,3
5070,קרדוניא,1,2
5071,קרוג,1,2
5072,קרוטושין,3,3
5073,קרויס,1,5
5074,קרולעווסקא,1,17
5075,קרוקאוו,1,1
5076,קריוואזאר,5,11
5077,קריוואזער,1,6
5078,קריטשוב,1,4
5079,קרייזער,1,2
5080,קרייט,1,1
5081,קרייציר,1,2
5082,קרימונה,1,2
5083,קרימיין,1,1
5084,קרימירם,1,1
5085,קרינאק,3,6
5086,קריניצא,1,1
5087,קרינען,1,1
5088,קרינק,1,2
5089,קריסטיאניא,1,1
5090,קריתחכמים,2,0
5091,קרמונה,1,2
5092,קרןצבי,1,0
5093,קרעווא,2,4
5094,קרעמזיר,1,6
5095,קרעמייו,1,3
5096,קרעמנטשוק,1,2
5097,קרעמנין,1,1
5098,קרעמניץ,1,14
5099,קרעמעניץ,2,7
5100,קרענאסץ,1,0
5101,קרעסלאווקא,1,1
5102,קרפו,1,31
5103,קרקויער,2,2
5104,קרשאנוב,1,2
5105,קשעפיץ,1,2
5106,ר,1,2130
5107,ראבאוו,1,1
5108,ראבבינאווי,1,0
5109,ראבבינאוויטש,1,2
5110,ראביגאוויץ,1,3
5111,ראבינשטיין,1,5
5112,ראבן,1,4
5113,ראגאזען,20,2
5114,ראגאטשוב,4,5
5115,ראגאלע,2,5
5116,ראגער,1,8
5117,ראדאמישל,6,9
5118,ראדאסטא,1,2
5119,ראדום,3,44
5120,ראדז,2,2
5121,ראדזאנאוו,1,5
5122,ראדזין,1,39
5123,ראדיוויל,2,9
5124,ראדים,1,2
5125,ראדעס,1,3
5126,ראהאווא,2,14
5127,ראהאטשוב,1,5
5128,ראהלפס,1,7
5129,ראוב,1,3
5130,ראוודיל,1,0
5131,ראוויגא,1,1
5132,ראווינסאן,1,2
5133,ראוונע,1,1
5134,ראונגארן,3,0
5135,ראוק,1,2
5136,ראזאווע,1,1
5137,ראזאלין,1,1
5138,ראזגראד,1,7
5139,ראזיל,1,2
5140,ראזינאי,4,20
5141,ראזמארין,1,3
5142,ראזענקראנץ,1,8
5143,ראזשאנקי,1,1
5144,ראטאווע,1,1
5145,ראטטווייל,1,2
5146,ראטטערדאם,2,10
5147,ראטיבאר,1,1
5148,ראטנא,2,1
5149,ראטניצע,3,2
5150,ראטערדאם,3,1
5151,ראטשאנז,1,2
5152,ראטשעסטער,1,9
5153,ראיגראד,1,0
5154,ראילא,1,1
5155,ראמאן,1,47
5156,ראמאנול,1,0
5157,ראמזגאט,1,1
5158,ראמזגעט,1,1
5159,ראמני,1,7
5160,ראמסגאט,5,8
5161,ראנציסקא,1,0
5162,ראנקעל,1,0
5163,ראנקפורט,8,2
5164,ראסהיימה,1,6
5165,ראסיין,2,101
5166,ראסמאן,2,4
5167,ראססהיים,2,2
5168,ראססיין,1,14
5169,ראפאלאוויטץ,1,2
5170,ראפהיע,1,1
5171,ראפעפארט,1,2
5172,ראפפורט,1,33
5173,ראפפעלט,1,2
5174,ראצקי,1,3
5175,ראקאווסקימכתבמאתאברהם,1,0
5176,ראשהאזרחים,1,0
5177,ראשטצעוו,1,2
5178,ראשל,1,1
5179,ראשעפאר,1,4
5180,ראשקאוו,1,7
5181,ראשקוב,2,6
5182,רבהק,1,0
5183,רבינאוויטץ,1,4
5184,רביתא,1,1
5185,רבמ,1,0
5186,רבנותה,1,2
5187,רבעיהם,1,0
5188,רגליל,1,2
5189,רגער,1,1
5190,רדהק,1,0
5191,רהיימם,2,1
5192,רהיינ,1,0
5193,רובאי,1,3
5194,רובאסאר,1,0
5195,רובנא,3,11
5196,רובנה,1,1
5197,רודיו,1,2
5198,רווארשא,1,2
5199,רווה,3,0
5200,רוזינאי,3,5
5201,רוחבה,1,5
5202,רוכלות,1,9
5203,רוכצוה,1,0
5204,רומא,1,858
5205,רומאנאל,1,1
5206,רומאניהנו,2,0
5207,רומה,1,88
5208,רומי,1,441
5209,רומל,1,1
5210,רומניק,1,5
5211,רומניקסאראטה,1,0
5212,רומעגיען,6,4
5213,רומעי,3,1
5214,רומעלי,2,2
5215,רומען,1,2
5216,רומעניטן,1,2
5217,רומקין,1,1
5218,רומשישוק,2,0
5219,רומשישקער,1,1
5220,רוסגוק,1,0
5221,רוסטושוק,1,30
5222,רוסטצוק,4,7
5223,רוסיאנו,3,0
5224,רוססעלל,1,3
5225,רוסצוג,1,21
5226,רוסצוק,1,3
5227,רוסק,1,1
5228,רוסקא,1,0
5229,רופ,1,2
5230,רופח,1,1
5231,רופייען,1,1
5232,רופיעס,1,2
5233,רורי,1,5
5234,רורל,1,2
5235,רושטצוק,1,2
5236,רושלים,4,14
5237,רושלם,2,24
5238,רזיקא,1,12
5239,רזישטשוב,1,4
5240,רזעשאוו,6,21
5241,רזשישטשוב,2,1
5242,רזשעשאוו,1,2
5243,רחיב,1,9
5244,רחמתיך,1,1
5245,ריאזאן,3,6
5246,ריבוא,1,2
5247,ריבש,2,0
5248,ריגא,2,136
5249,ריגיו,1,6
5250,ריגיוו,4,2
5251,ריגייו,1,2
5252,ריגע,1,13
5253,רידמאן,1,0
5254,רידריכסרוהע,1,0
5255,ריווא,2,1
5256,ריזיסטשעוו,5,0
5257,ריטאווע,1,4
5258,ריטטערמאן,1,0
5259,רייגראדער,1,2
5260,רייזעארטיקעלן,1,0
5261,רייטשלאנד,5,2
5262,רייכסראטהאבגעארדנעטע,1,2
5263,רייכסראטהס,1,1
5264,רייכענאוויא,1,0
5265,ריינוס,1,6
5266,ריינין,1,0
5267,ריינש,1,6
5268,רייסין,1,23
5269,רייסען,1,14
5270,רייצענהאיין,1,0
5271,רייצעסזאהן,1,1
5272,רינא,1,11
5273,רינטל,1,2
5274,ריסנא,1,0
5275,ריעד,2,2
5276,ריעדמאנן,1,1
5277,ריעדערער,1,2
5278,ריענער,1,4
5279,ריף,2,3
5280,ריפאאט,1,1
5281,ריפין,2,9
5282,ריקערט,1,6
5283,רכוס,1,3
5284,רלט,1,0
5285,רליטא,1,3
5286,רמאותו,1,0
5287,רמב,1,1
5288,רמיז,1,2
5289,רממ,1,0
5290,רנגון,2,2
5291,רסא,1,0
5292,רעגיא,1,8
5293,רעדאקציון,1,0
5294,רעדעלהיים,1,11
5295,רעודת,1,2
5296,רעוואל,1,3
5297,רעזיצא,5,6
5298,רעטהע,1,7
5299,רעטיש,1,0
5300,רעטערע,1,0
5301,רעטשיצא,1,3
5302,רעליגיאנסגעשיכטע,1,1
5303,רעמדענכלאטט,1,0
5304,רעמישען,1,3
5305,רענבערג,3,2
5306,רענענט,1,0
5307,רענקאציסקי,2,1
5308,רענקיל,1,1
5309,רעע,1,0
5310,רעפוליק,1,2
5311,רעציצא,1,3
5312,רעקארד,1,1
5313,רעשט,1,11
5314,רקסג,1,0
5315,ררי,1,32
5316,רשבבה,1,0
5317,רשבס,2,0
5318,רשוב,1,2
5319,רשוקא,1,1
5320,רשכבד,1,1
5321,שאבאט,1,2
5322,שאבאלצי,1,4
5323,שאוויל,3,18
5324,שאוול,1,7
5325,שאוולאן,1,2
5326,שאוועל,21,46
5327,שאווער,1,0
5328,שאטראוו,1,0
5329,שאיתא,1,9
5330,שאלאט,1,6
5331,שאלאי,1,26
5332,שאלאן,2,5
5333,שאלאשין,1,0
5334,שאלוניק,7,4
5335,שאלוניקי,2,28
5336,שאלונקי,1,4
5337,שאלתות,1,3
5338,שאנעם,1,2
5339,שאס,2,0
5340,שאעסלאר,1,0
5341,שאפף,1,3
5342,שאפפא,2,5
5343,שאפראן,1,6
5344,שאקי,8,9
5345,שאראי,2,1
5346,שאראיי,1,2
5347,שאראפאנסק,3,2
5348,שארעט,1,2
5349,שבגירסת,2,2
5350,שבווילנא,1,4
5351,שבז,1,0
5352,שבכמ,1,0
5353,שבלס,1,0
5354,שבעיירות,1,2
5355,שבריא,1,2
5356,שברכני,1,2
5357,שדהלבן,1,0
5358,שדוא,1,2
5359,שהועתקו,1,3
5360,שהחזיקי,1,2
5361,שהחזקוני,1,2
5362,שהנשבע,1,2
5363,שהעלינו,1,2
5364,שהרגו,1,19
5365,שהרת,1,1
5366,שהתפללה,1,2
5367,שובין,4,2
5368,שוואם,1,2
5369,שווארצבארד,1,2
5370,שוויין,1,6
5371,שווייץ,1,207
5372,שווינצאן,2,31
5373,שווינציאן,2,3
5374,שוועדן,1,8
5375,שוועדע,1,1
5376,שווערזנא,3,1
5377,שווערזענץ,1,2
5378,שוחום,1,2
5379,שוכמאנן,1,18
5380,שומרישראל,2,0
5381,שונעינא,1,3
5382,שונצין,1,2
5383,שונצינא,1,5
5384,שוערי,1,5
5385,שזא,1,0
5386,שזיעליאזא,1,1
5387,שזירעבקיווע,2,1
5388,שחיבר,1,12
5389,שטאדטפערארדנעטע,1,0
5390,שטאט,1,21
5391,שטאלפ,7,6
5392,שטאלצבורג,2,2
5393,שטאם,1,13
5394,שטאסען,1,0
5395,שטאקהאלם,2,40
5396,שטאקהאלס,1,9
5397,שטאקהלם,3,1
5398,שטאקלישאק,1,4
5399,שטאקקהאלם,2,5
5400,שטארגארד,5,3
5401,שטוהלווייסענבורג,1,1
5402,שטוטגארט,6,5
5403,שטוטטגארט,5,4
5404,שטוינען,1,0
5405,שטיינבי,1,2
5406,שטנציל,1,3
5407,שטעט,1,1
5408,שטעטטין,1,56
5409,שטעטטינער,1,1
5410,שטעטין,4,37
5411,שטעכען,1,1
5412,שטעפפרעקקען,1,0
5413,שטערקונג,1,25
5414,שטראזזע,1,5
5415,שטראסבורג,1,68
5416,שטראססבורג,10,8
5417,שטרויסם,1,3
5418,שטרסבורג,2,2
5419,שטשוטשין,2,2
5420,שיגיט,1,1
5421,שיגעט,3,3
5422,שידלאווצע,2,0
5423,שידערסקי,1,1
5424,שיוועלביין,3,1
5425,שיוחנן,2,2
5426,שיכוף,1,2
5427,שילדבערג,3,9
5428,שילהי,2,7
5429,שימאהן,1,0
5430,שימבורג,2,4
5431,שימפאנזע,1,4
5432,שינאווי,1,1
5433,שיספה,1,2
5434,שיסרו,1,2
5435,שיפ,2,1
5436,שיפטרני,1,2
5437,שיפמאהן,1,1
5438,שיפפע,1,2
5439,שיקאגא,1,65
5440,שיקראוהו,1,2
5441,שיקשא,1,0
5442,שירווינט,9,8
5443,שירושלים,1,3
5444,שירלאווצע,1,0
5445,שירפץ,1,1
5446,שישקא,2,0
5447,שיתפרשו,1,2
5448,שכנזים,1,3
5449,שלהי,2,16
5450,שלופער,2,2
5451,שליען,1,0
5452,שלכדה,1,3
5453,שלמנאסר,1,11
5454,שלמנסר,1,7
5455,שלעזוויג,1,39
5456,שלעזיען,1,33
5457,שמאקהאלם,1,0
5458,שמגר,1,2
5459,שמולאוויזנא,1,3
5460,שמונ,1,4
5461,שמונית,1,3
5462,שמזכירו,1,7
5463,שמיאף,1,0
5464,שמיעדעל,1,4
5465,שמכזיב,1,2
5466,שמערלסאהן,1,1
5467,שמפ,1,1
5468,שמרון,1,43
5469,שנאדאווע,1,3
5470,שנאלאנסקי,1,2
5471,שנאשמו,1,30
5472,שנולדתי,1,2
5473,שנחשד,1,10
5474,שניידעמיהל,7,3
5475,שניפישאק,1,4
5476,שנספחה,1,8
5477,שנקראתי,1,2
5478,שנרשם,1,11
5479,שנתונה,1,2
5480,שנתכבר,2,2
5481,שנתעשרה,1,2
5482,שסג,4,0
5483,שסייע,1,2
5484,שעברשין,1,13
5485,שעגעדין,1,11
5486,שעדליץ,5,29
5487,שעדלעץ,4,4
5488,שעהנפעלד,2,2
5489,שעח,2,2
5490,שעיי,1,1
5491,שעמניטץ,1,2
5492,שענעדין,2,5
5493,שעפס,1,7
5494,שעפער,1,3
5495,שעפקאני,1,1
5496,שערער,1,4
5497,שערעשאווע,1,0
5498,שערעשעווא,1,2
5499,שערפעץ,1,2
5500,שערשאב,2,0
5501,שערשוב,2,3
5502,שעשיר,1,2
5503,שפאלא,2,8
5504,שפאלע,3,6
5505,שפאנדויער,1,8
5506,שפאניה,1,25
5507,שפחותיך,1,0
5508,שפיגל,1,2
5509,שפייזעלעפפעל,1,3
5510,שפיללער,1,7
5511,שפינאציסט,1,2
5512,שפנה,1,21
5513,שפעזען,1,4
5514,שפעער,1,3
5515,שפתני,1,2
5516,שצא,3,1
5517,שצו,1,4
5518,שצוצין,2,34
5519,שקאלניקאוו,1,2
5520,שקוטארי,2,5
5521,שקלאב,3,12
5522,שקלאוו,1,33
5523,שקלארעווסקי,1,2
5524,שקרון,1,1
5525,שראמס,1,3
5526,שרני,1,2
5527,שרשלום,1,0
5528,ששגיתי,1,2
5529,ששפורט,1,4
5530,ששפורטש,1,7
5531,ששרשי,1,2
5532,שתחילת,1,2
5533,שתמתין,1,2
5534,שתפנה,1,12
5535,שתראו,1,2
5536,תאנגיד,1,2
5537,תאנגיר,2,4
5538,תבבא,3,0
5539,תביסופרים,1,0
5540,תגלת,2,16
5541,תגמד,2,0
5542,תהגות,1,2
5543,תהמינה,1,3
5544,תהנות,1,2
5545,תו,3,389
5546,תואה,1,1
5547,תוב,1,33
5548,תובב,3,3
5549,תובבא,3,0
5550,תובכא,3,0
5551,תודן,1,1
5552,תוכבא,2,0
5553,תונים,2,217
5554,תוניס,1,3
5555,תונס,2,1
5556,תופות,1,3
5557,תחגות,1,4
5558,תחילים,1,5
5559,תחתיון,1,2
5560,תטז,5,0
5561,תיכוף,1,1
5562,תירך,1,2
5563,תלג,1,1
5564,תמב,2,0
5565,תמוז,1,735
5566,תמז,1,0
5567,תמלך,1,1
5568,תמסקו,1,2
5569,תנט,1,0
5570,תסד,1,1
5571,תסה,2,2
5572,תעג,1,0
5573,תעח,1,0
5574,תעמניטן,1,0
5575,תפיש,1,3
5576,תפישתו,1,2
5577,תץ,1,2
5578,תקא,1,1
5579,תקלא,1,0
5580,תקנז,3,0
5581,תקעד,1,0
5582,תקעז,1,0
5583,תקצג,1,0
5584,תקצה,1,4
5585,תראגי,1,1
5586,תרגים,1,14
5587,תרגמוה,1,2
5588,תרוס,2,0
5589,תרטו,1,0
5590,תרטל,2,0
5591,תרכז,1,0
5592,תרלד,1,3
5593,תרלדלפק,1,0
5594,תרלז,1,0
5595,תרלחית,1,1
5596,תרלחלפק,1,0
5597,תרלת,2,0
5598,תרמ,1,5
5599,תרמת,1,0
5600,תרסא,2,0
5601,תשחט,1,3
5602,תשימוהו,1,2
5603,תתטו,1,0
5604,תתיב,1,0
5605,תתקבז,2,0
5606,תתקג,1,0
5607,תתקלה,1,0
5608,תתקעט,1,0
5609,תתקפ,1,0
