,similar_phrase,#inResults,similar_phrase_counts
0,פטרבור,1,0
1,מאסקאווסקי,1,11
2,וויעראמ,2,0
3,מאסקאוו,1,1
4,ווראטש,1,0
5,וואסחאר,1,3
6,יעוורע,1,0
7,טיפליס,1,39
8,סובאזאר,1,1
9,אושפאלע,2,1
10,מאריאמפול,1,1
11,סימפאראפאל,4,0
12,סלאוויצא,1,1
13,איזימיר,1,1
14,נראדנא,1,1
15,ניעשעווע,1,1
16,גיברלטר,2,3
17,מאריאמפאהל,1,0
18,בערשור,5,1
19,רדם,1,6
20,מורטארה,1,1
21,מרשל,1,0
22,מהוצאתי,1,1
23,לכבודוכו,1,0
24,לפניאיזהירחים,1,0
25,תרליח,6,0
26,קאפעליאוויץ,1,1
27,מדריל,1,0
28,שפז,3,0
29,יאהאנעסבורג,2,2
30,קייזרלינג,1,3
31,קוימאן,1,0
32,שולבוים,3,5
33,זיטטענפעלד,2,2
34,במאנטובה,1,2
35,שיחיר,1,0
36,נירעגי,1,0
37,אשמינע,1,2
38,מהמדני,1,1
39,טאלמאזי,1,2
40,בפאדאלסק,1,4
41,הדרפטי,1,1
42,באזיליקא,1,1
43,בסטאלפ,1,1
44,האדעסאי,1,2
45,פאגאר,1,2
46,גמיננע,2,0
47,ויצוואותם,1,0
48,ולגומרים,1,2
49,לפאבריקאנטין,1,0
50,ופאלע,1,3
51,בהישובים,1,4
52,אשרבכלעיר,1,0
53,רוסיאופולין,1,0
54,והעיירות,1,5
55,והמצערות,1,2
56,וקאזאן,1,1
57,וויעןמאתאק,1,0
58,ניישטאדטל,8,2
59,סאראטה,4,0
60,טאטר,3,1
61,האסקאי,1,2
62,בובליץ,2,1
63,באזאאר,1,2
64,האמעדאן,1,7
65,בסענט,2,3
66,בליווערפאאל,1,0
67,לילע,1,4
68,בירוט,5,8
69,מיטאווי,1,1
70,תקסו,1,1
71,זנין,1,5
72,קראסנע,2,5
73,תקנ,1,0
74,בהוראדגא,1,2
75,בלילמושקשבוע,1,0
76,נאחמאט,1,1
77,לדאבוןלבכליודעיוומכיריערכו,1,0
78,מסאדוגירא,1,1
79,תאמרקין,1,2
80,דוכער,1,2
81,גאדען,1,1
82,דתמוז,4,1
83,קראאת,1,1
84,וליבעק,2,2
85,האמסק,2,14
86,ליובאר,6,6
87,פאלאצק,5,12
88,מאוקספורד,1,5
89,מליווארנא,1,5
90,פיננער,1,18
91,שפז,3,0
92,לאטיש,1,5
93,גראץ,1,15
94,קוניק,1,4
95,וצונץ,1,16
96,הרשדל,1,0
97,הוואלסאן,1,12
98,קארפעלעם,1,5
99,בליוורנו,1,4
100,סמיעלא,1,20
101,אסטראהאן,3,18
102,קאלמענאוו,2,0
103,כילבטללעתכזאתאתהמלמדותמכלוכל,1,0
104,שמנהנכם,1,2
105,טשעכאנאווע,1,1
106,המחיב,1,1
107,מלומי,1,2
108,ומדל,2,1
109,נתימן,1,1
110,ותכפל,2,2
111,דיארבכר,1,3
112,ליגוננו,1,2
113,בכוללינו,1,3
114,מחוזור,1,2
115,פאפעל,1,0
116,המאלאיא,1,2
117,מירדן,1,2
118,סאראייעווא,3,1
119,ומהראשונים,2,3
120,דמוטרוניתא,1,2
121,לאיירופה,1,0
122,וויסקאנזין,2,1
123,נפששוכניםבתוך,1,0
124,וקולניות,1,2
125,הכירונו,1,2
126,וקאלאראדא,1,2
127,הועלווא,1,2
128,טורפאן,1,1
129,והיוקרהתאמרעדלגבולותאשכנז,1,0
130,ישאדו,1,3
131,וטרישט,1,2
132,קערעסטור,3,2
133,ליוואדיה,1,2
134,הבאיור,1,4
135,דודתך,1,2
136,ראיגאראד,4,1
137,התאכסנה,1,2
138,צודנאוו,1,2
139,טאנגער,1,17
140,פעץ,3,45
141,טאווא,2,8
142,רושטשוק,4,20
143,דעננעמארק,1,7
144,דאניא,1,7
145,האלאנדיא,1,1
146,ודעננעמארק,1,2
147,בורגונדיא,1,2
148,והולאנדיא,1,5
149,וקסרית,1,3
150,ודאנעמארק,1,0
151,וזאקסען,1,3
152,ובעלגיען,1,26
153,ויעקאטערי,2,0
154,ובארקאוו,3,0
155,קרעמיניץ,1,2
156,קארטוזא,1,0
157,סאאדיאק,1,0
158,ניושני,2,2
159,בפרייסין,1,11
160,קאליפארני,2,2
161,לאנצקרינא,2,1
162,ניישטארט,2,1
163,מאנטאגסרעוויע,1,0
164,דזיעניק,1,1
165,פקמ,1,0
166,טעמפם,1,5
167,סטאנטארד,1,1
168,וואקאי,2,1
169,איטטיהאד,1,0
170,רוסע,1,2
171,רומאנול,1,0
172,אפיניאן,1,2
173,רלאנד,1,2
174,הבריססלי,1,3
175,בהתועדות,1,4
176,יחבריו,1,2
177,רעפובליקע,1,0
178,וויאטקא,2,3
179,בעססאראביע,1,7
180,מהוז,1,10
181,טאמסק,1,14
182,טריפאלים,2,28
183,אלגיער,2,24
184,קארעא,3,7
185,צאנציבאר,2,7
186,וטונים,2,19
187,קאחין,3,12
188,טורקעסטאן,2,46
189,יעמען,2,17
190,קאקאן,2,13
191,טריפאלים,2,28
192,אלגיער,2,24
193,קארעא,3,7
194,צאנציבאר,2,7
195,וטונים,2,19
196,קאחין,3,12
197,טורקעסטאן,2,46
198,יעמען,2,17
199,קאקאן,2,13
200,סערדאהעללי,6,0
201,בלאגאוועשטשענסק,3,0
202,אנגען,1,8
203,זאפעד,1,6
204,ניישטאדטל,8,2
205,פעטריקאוו,5,3
206,אזעראן,1,0
207,בקאדלאבאווקא,1,1
208,אנגאלי,1,6
209,זשערסיי,1,0
210,קסטוריא,3,2
211,סעמפלין,1,5
212,וויעזענפעלד,1,3
213,טיטואן,1,2
214,ריטאווען,1,2
215,ובמידלעסבארא,1,2
216,מילוואקע,1,2
217,בראקלין,1,5
218,ושמערינקא,1,3
219,בחף,1,7
220,ספאקס,1,24
221,הדארדענעלים,1,23
222,ניקשיטץ,1,4
223,ראוועננא,1,6
224,סאליסטרי,1,4
225,פיראט,1,15
226,הבאספהארוס,2,2
227,הראזעווא,3,1
228,טאהנטשע,5,4
229,פייטשעם,3,2
230,פאסטוב,2,1
231,מירגאראד,2,5
232,זינאגאנען,1,2
233,ערעפענטע,1,5
234,גרזיכאוו,1,2
235,העפטע,1,5
236,בעצייכנונג,1,2
237,יאהרגאנגס,1,0
238,פעהר,1,5
239,נאסס,1,4
240,זיטטען,1,1
241,צענטראלארגאן,1,3
242,זעלבער,1,8
243,גאלוואסטאן,1,2
244,בעלפילד,1,2
245,מכונהקטנה,1,0
246,ניקאלסקאיע,3,1
247,מאגדענבורג,1,1
248,אינזעניערע,1,0
249,הקולוניע,1,4
250,מקדימון,1,2
251,אלבומים,1,2
252,בקאנעקטיקוט,1,1
253,הקויקאזית,1,3
254,בראדים,1,3
255,ארמסטראנג,1,2
256,רעפעטיערגעוועהרע,1,0
257,מקאלכעשטער,1,2
258,וואולוויטש,1,2
259,תז,1,3
260,באמד,5,0
261,תקסה,4,0
262,נייססיא,1,1
263,ברסלא,1,2
264,מכומרי,3,2
265,דוגעליסאק,4,1
266,תשר,1,2
267,דעראזניע,3,2
268,פארשטאד,2,2
269,באקלעראווי,1,2
270,כראג,1,0
271,ונארקעפינג,1,1
272,האלבערשטארט,2,0
273,קריינאק,1,1
274,קלעמבאווקי,1,1
275,פאנעוועז,1,1
276,מליניץ,2,2
277,דעמייעווקי,2,1
278,דובאוויע,1,0
279,ולגבאי,2,5
280,ומשלוחי,1,2
281,יכבץ,1,0
282,באמשטרדאם,2,7
283,אלעפ,1,1
284,שבגליל,1,4
285,קובאנסק,1,2
286,פרענצלוי,1,2
287,פקומש,1,0
288,הסמוכח,1,4
289,האנוי,1,6
290,אימרע,2,4
291,מאנדענבורג,3,1
292,וויבארג,2,6
293,מראססהיים,1,6
294,מחכר,1,4
295,להמנגן,1,3
296,הפהילאנטראפ,1,2
297,ראססיני,1,2
298,שהפייטן,1,3
299,צשאקקע,1,3
300,פירעס,1,1
301,כנביא,1,8
302,באטאניקער,1,1
303,סאליאני,1,2
304,גננו,1,2
305,יאהנזאהן,1,4
306,והגבר,1,3
307,הפרופעססאר,1,2
308,שבהסכמת,1,2
309,תהילות,1,5
310,במאראקו,2,4
311,שהתרבו,3,2
312,ובמחנות,2,2
313,ואחינ,4,2
314,מסכיבה,2,2
315,המחד,2,1
316,וקולוניה,2,2
317,ואנפיה,2,0
318,הניגעת,2,2
319,במאראקו,2,4
320,שהתרבו,3,2
321,ובמחנות,2,2
322,ואחינ,4,2
323,מסכיבה,2,2
324,המחד,2,1
325,וקולוניה,2,2
326,ואנפיה,2,0
327,הניגעת,2,2
328,ואתמר,1,2
329,ומשחקין,1,1
330,ודויי,1,1
331,פרילים,1,2
332,ידכל,1,2
333,מלייהו,1,2
334,הימנוהו,1,1
335,איחלער,2,1
336,דינאי,1,2
337,אסוון,1,3
338,מהעתקתך,1,2
339,רתא,1,1
340,נעביד,1,1
341,דוואיש,2,2
342,בארזען,2,0
343,האיספאניולים,2,7
344,ארשיב,2,4
345,מאינצ,2,0
346,וויענ,2,2
347,דייטשעס,2,12
348,באסיריט,2,6
349,פאלאצק,5,12
350,קרעמענטשוג,8,44
351,האטין,4,9
352,עלינבערג,2,3
353,לינשיץ,1,2
354,קאזיניצקי,1,0
355,מקאלומייא,1,0
356,אבושדיד,1,3
357,דונאוויטץ,1,2
358,מאתיבנו,1,0
359,מנאשעלסק,1,3
360,אברקק,2,0
361,קאהקעל,1,0
362,ראווירזאהן,1,1
363,ולהה,1,0
364,בנואיארק,1,13
365,לאראקע,1,1
366,רייטשער,1,1
367,דעברעטשין,1,3
368,באבניא,4,1
369,מלאראכע,1,3
370,אצמידא,2,0
371,המחז,1,4
372,קראפפענשטעטט,2,2
373,ופרושיה,1,2
374,קסטוריא,3,2
375,פהילאדעלפהיע,2,2
376,טאנטא,3,3
377,קשתיליא,2,2
378,הארטלעפאל,1,2
379,ברעסלי,6,1
380,נארדהיים,1,1
381,קונסטאנ,4,2
382,טעמעשבאר,1,1
383,ויעקאטערי,2,0
384,סעמיאטיטש,1,1
385,נעוויארק,1,10
386,וסאן,1,6
387,וויבארג,2,6
388,שיקאנא,3,6
389,קונסטאנ,4,2
390,קאצמאן,1,8
391,עטק,1,1
392,פאלין,2,8
393,ינסק,1,1
394,מאנדעלשטאמס,1,5
395,מזאגר,1,5
396,במיטויא,1,4
397,בהרעאלשולע,1,3
398,בסלוצק,1,6
399,בדומברובא,1,4
400,בקערץ,1,5
401,קריצעווסקי,1,3
402,באודעססא,2,0
403,בלאשטיין,1,4
404,קאראפ,2,1
405,סערניק,2,5
406,וואסערמאן,1,3
407,האלבערשטאם,1,15
408,גאברילאוויטש,1,3
409,בלאנקשטיין,1,3
410,גלוקין,1,2
411,מאדילעווסקי,1,2
412,מאנדשטיין,1,2
413,פאצטער,1,3
414,סקעבעלסקי,1,2
415,ריזיק,2,2
416,מעלער,1,4
417,וברענדל,1,2
418,פראמער,1,3
419,אושאטש,3,5
420,ליובאר,6,6
421,עמון,1,77
422,כנען,1,271
423,סיחון,1,25
424,שפיעלמאן,2,0
425,סערדאהעללי,6,0
426,האסקוי,6,0
427,קרעמצוג,4,0
428,בערשור,5,1
429,רומעניעןבוקארעשט,2,0
430,קאפיטשינצע,1,0
431,ניזיען,7,0
432,מוף,1,10
433,באמשטרדאם,2,7
434,מתאנגיר,1,3
435,בזלאטאפאל,1,5
436,הפריזי,1,7
437,באלטונא,1,20
438,בווין,1,55
439,בארענט,1,4
440,פאסטאר,1,3
441,המתכנה,1,12
442,בנוייארק,1,2
443,בניי,2,13
444,לומדון,1,6
445,עלגראד,2,2
446,סעפטענ,2,4
447,מסעמלין,2,3
448,להדהז,1,0
449,ספטעמבער,1,3
450,ההערצבישאף,2,3
451,פעטראווקא,1,1
452,קאפאסוואר,1,3
453,קעסטעלי,1,6
454,בובליץ,2,1
455,טאנטא,3,3
456,קאנסקי,1,0
457,קאשין,1,5
458,האסקוי,6,0
459,שוליטץ,3,1
460,ניזיען,7,0
461,ורבנד,2,0
462,נישאווא,3,0
463,קרעמצוג,4,0
464,קיאבטא,3,2
465,ווענעדים,1,2
466,קלקוטא,1,2
467,גאדע,2,1
468,אינדישע,1,1
469,פיראק,1,2
470,ארחאנגעלסק,2,2
471,סוטהאמפטאן,1,0
472,ומארסילליע,3,0
473,לאהאר,2,0
474,אצלשטף,1,0
475,וזועץ,1,3
476,בהאנגאווער,2,0
477,והטארנאדים,1,2
478,לאראשע,1,2
479,אורטה,1,3
480,אנאטאליען,1,2
481,קוועטטאה,1,2
482,רוססיאה,1,3
483,ברוסה,1,4
484,ניקאלסקאיע,3,1
485,קסטוריא,3,2
486,דזערש,1,2
487,ענדינגען,2,1
488,אוסטרא,3,12
489,קאנסטאנפינאפול,2,19
490,קאנסטאנטינאפל,4,5
491,קאנסטאנפינאפול,2,19
492,מערקיש,1,0
493,יאראסלאוול,3,0
494,עלפיע,3,1
495,מצנעה,1,1
496,באלגאטי,1,2
497,סיטע,1,3
498,מגורזיסטאן,1,2
499,המבורגה,1,2
500,צילי,1,4
501,לציזלהארסט,1,0
502,בקענסינגטאן,2,2
503,לניוא,1,2
504,ראססויא,2,1
505,דוואיש,2,2
506,בארזען,2,0
507,האיספאניולים,2,7
508,ארשיב,2,4
509,מאינצ,2,0
510,וויענ,2,2
511,דייטשעס,2,12
512,באסיריט,2,6
513,אופינא,1,1
514,רוססלאנדסעוואסטאפאל,2,0
515,ביאזר,1,0
516,ליאונטוס,1,1
517,שותפעליעטאן,1,0
518,נאייהזייעל,2,0
519,רוסלאנ,1,1
520,יאלאפקא,1,3
521,והכפרים,1,246
522,לאריססא,1,18
523,והבצורות,1,7
524,במחוזי,1,21
525,הקאמיסיאנען,1,5
526,האוראפיות,1,6
527,והנסיכיות,1,6
528,וואלאכיא,2,7
529,אנאדאל,1,20
530,הסרות,1,14
531,נאספות,1,8
532,לאזשע,1,0
533,לקעמפען,1,2
534,דיסטריקט,1,0
535,באבניא,4,1
536,מאינעשטי,2,1
537,נתארחו,1,2
538,מיועציה,1,3
539,ממשכיליה,1,2
540,קווענטען,1,2
541,מיננעזאטא,1,1
542,גראפשאפט,1,0
543,גערמייסטער,1,1
544,בגרעץ,1,1
545,בערנבורג,1,3
546,סטנטין,1,2
547,להשכה,1,2
548,ובאח,1,0
549,זכינא,2,2
550,שבתשרי,2,2
551,הנשלם,1,3
552,אדיבאנו,1,2
553,דעראזניע,3,2
554,לכוריא,2,1
555,מכומרי,3,2
556,שסא,2,0
557,במביי,1,0
558,לסעיפי,1,3
559,היודען,1,0
560,הארטפארד,1,1
561,והראפארט,1,2
562,באזרציק,1,1
563,קאמאנדאנט,2,0
564,נאוואד,1,1
565,ויבוחר,1,3
566,בהבולליטין,1,2
567,בוויעס,2,0
568,ווילדויער,2,2
569,העברעוו,2,1
570,המיניסטערסטווא,1,2
571,האגנאווער,1,1
572,חדשוא,1,2
573,מצאחי,1,1
574,יפוב,1,2
575,הראדס,1,0
576,בתפישתו,1,2
577,הלאזין,1,2
578,וסימנייך,1,1
579,הנוהו,1,2
580,הפילפול,1,2
581,אנרדמין,1,2
582,בעקמימותו,1,1
583,נאספהו,1,3
584,מסדרם,1,2
585,שיחזק,1,1
586,ובמחילה,1,4
587,שחח,1,2
588,הריבור,1,3
589,עטיאס,2,2
590,באהעז,1,0
591,מוויזענהויזען,1,1
592,שמב,1,1
593,רסח,1,0
594,התופק,2,0
595,בחשון,2,2
596,קראקינאווא,1,9
597,טאהנטשע,5,4
598,דאמבראווען,1,5
599,זאסלאב,1,10
600,ראסאווע,1,1
601,נאסאווקא,2,2
602,סערניק,2,5
603,טאהנטשע,5,4
604,ולוקניק,1,1
605,תבטחתי,1,2
606,דרוזגעניקי,1,1
607,מאיארא,3,1
608,וודעה,1,1
609,להאליצכם,1,2
610,מכרב,1,2
611,בתואו,1,2
612,יבקשך,1,3
613,יהמע,1,1
614,יאיפוא,1,0
615,הממשלההרוממה,1,0
616,לידיך,1,1
617,גזים,1,0
618,חופשתם,1,0
619,באיזביצא,3,2
620,ספריהםהיוהיותרטובים,1,0
621,שעביז,2,6
622,קרעמענטשוג,8,44
623,ליובאר,6,6
624,לאהויסק,3,1
625,ומעזיבוז,4,0
626,דאמבריווען,1,3
627,סטאווישטש,1,3
628,קאנינו,1,1
629,מקראקינאווע,1,3
630,וואלאכי,1,7
631,ופראג,3,4
632,לקאנזול,1,26
633,מעמיל,1,5
634,קרעמענטשוג,8,44
635,ראדזיווילישקי,4,2
636,קראסנאסיעלץ,1,1
637,ראיגאראד,4,1
638,דובלן,2,2
639,שערפץ,1,0
640,אלקעניק,1,2
641,טעראספאלי,2,0
642,וואראניזש,2,1
643,נעסטאיט,1,0
644,ליובאר,6,6
645,פיליסופיה,1,4
646,בארגעס,1,3
647,דראכמאנן,1,1
648,אסקולי,1,4
649,אברז,1,1
650,ייטעלעס,1,3
651,לוקאס,1,4
652,בערנאיס,1,3
653,הילדיסהיימער,1,2
654,מאינאווראצלאוו,1,1
655,אזיאטיק,1,1
656,מכלוף,1,3
657,וסופ,1,3
658,פערלס,1,3
659,פאפערס,1,2
660,גלעטץ,1,1
661,שנואל,1,2
662,זעלמעלע,1,0
663,מהפובליציסטיק,1,2
664,לקרוגלא,1,0
665,זעלוועסבארג,4,1
666,שמתוכו,1,2
667,הממניא,1,2
668,לטרחא,1,2
669,לתשובותיו,1,2
670,פהארע,2,0
671,אנאנו,1,3
672,שהמדפים,1,2
673,נשכני,1,2
674,יאומןכייסופר,1,0
675,להערותינו,1,1
676,שבדרוס,1,1
677,יראוים,1,1
678,המאנטעוויזם,1,1
679,למומים,1,1
680,ריידער,1,2
681,שערשעווסקיא,1,3
682,הורויטץ,1,1
683,עדעל,1,2
684,גאלדין,1,10
685,יעוונין,1,12
686,אידלסאהן,1,3
687,הארנשטיין,1,9
688,למוצ,1,0
689,באומאן,1,19
690,שארשטיין,1,1
691,ספירשטיין,1,9
692,קאצענעלסאהן,1,7
693,קאפלאוויץ,2,2
694,לייטמעריץ,1,1
695,בהיידעל,1,0
696,יעניקוי,2,1
697,בהעלמשטאדט,1,2
698,וועססול,1,1
699,מאקוב,1,1
700,גדליחו,1,3
701,לעווינע,1,2
702,אדאלך,2,2
703,בגרעטץ,1,4
704,המניסטראט,1,1
705,בחצרנו,2,1
706,בייטהען,4,3
707,קארעסט,4,6
708,ובסט,4,1
709,בפערמא,1,2
710,בעסלאר,1,16
711,שטאכלינסקי,1,11
712,והושם,1,64
713,רצח,1,658
714,ונתבע,1,11
715,שחטוה,1,4
716,ונשפטו,1,8
717,לשיצאה,2,1
718,כנישתהון,2,2
719,בלבושין,2,2
720,אשבועתא,2,0
721,בראשידם,2,2
722,חורמן,2,2
723,הברע,2,1
724,פומהון,2,2
725,פריטגמא,2,1
726,בנסרים,2,2
727,גינזק,2,2
728,ישתור,2,2
729,שנשק,2,3
730,יפייס,2,2
731,ווישם,2,2
732,יומאי,2,2
733,שבערביא,2,1
734,באיןמשען,1,0
735,ומחבקות,1,2
736,אשאפפענבורג,1,3
737,ומלסטים,1,3
738,מישרון,1,0
739,לכיש,1,3
740,מאיןיושב,1,0
741,בהראטה,1,2
742,אארגענוי,3,3
743,גוועת,1,3
744,טיראספאלי,1,2
745,אךשמה,1,0
746,באקו,1,36
747,מאגאדור,4,7
748,האיידעראבאד,3,5
749,פאקשאן,1,38
750,ובאטושאן,2,2
751,כגראדנא,2,2
752,באיערין,2,2
753,כרכשות,1,2
754,מקאסיווע,1,1
755,סאינט,1,0
756,דוגעליסאק,4,1
757,דעלעוואר,1,1
758,דעראזניע,3,2
759,באמב,1,0
760,סאראייעווא,3,1
761,וחדסים,1,16
762,טאלייאנער,1,8
763,ירוסים,1,4
764,לולבי,1,3
765,כדאית,1,6
766,לדידן,1,21
767,בהך,1,16
768,לדידהו,1,14
769,למתני,1,7
770,וכולי,1,19
771,טובא,1,41
772,לכולי,1,18
773,אינהו,1,30
774,כמאן,1,31
775,היעזואיט,1,13
776,מסאלוניקו,1,6
777,ווינטערפעלד,1,8
778,קאניץ,1,9
779,טריער,1,19
780,אייסמאן,2,3
781,יאטקעס,1,4
782,נאליעווקעס,1,5
783,אגלאכלין,1,0
784,נומוהפירמא,1,0
785,אלאפין,1,14
786,החלמובבתיכלסוחרי,2,0
787,בביהד,1,0
788,רעפעס,1,3
789,זאפארנא,1,0
790,וקויפמאן,1,2
791,קוראקאא,1,3
792,ויעבורבהרבה,1,0
793,תארנוהו,1,2
794,ליסן,1,2
795,תוצמח,1,2
796,וטאגאנראג,1,3
797,ולאחבי,1,0
798,ובעססאראביען,1,1
799,ווערזבלאווע,1,3
800,ראדישקאוויץ,1,4
801,אגוסטאווא,1,2
802,יאנאוו,2,6
803,ווייסענבערג,1,5
804,שנסענו,1,3
805,פאוולאווקא,2,5
806,זעזמיר,1,2
807,באמדור,1,6
808,לשיצאה,2,1
809,כנישתהון,2,2
810,בלבושין,2,2
811,אשבועתא,2,0
812,בראשידם,2,2
813,חורמן,2,2
814,הברע,2,1
815,פומהון,2,2
816,פריטגמא,2,1
817,בנסרים,2,2
818,גינזק,2,2
819,ישתור,2,2
820,שנשק,2,3
821,יפייס,2,2
822,ווישם,2,2
823,יומאי,2,2
824,שבערביא,2,1
825,ראנקורט,1,0
826,יוגי,2,12
827,וויענית,1,1
828,שטחעל,1,0
829,שטיח,1,2
830,יזני,1,1
831,טרעסטינא,2,12
832,נעוול,1,2
833,לאהישין,1,5
834,קראסנע,2,5
835,מלינאוו,1,1
836,אסטראוו,1,7
837,בילגארי,1,4
838,רייגראד,5,5
839,געקלעבט,2,1
840,אלדהבי,2,2
841,עקורי,1,2
842,ומודקה,1,1
843,איבערגאנגס,1,0
844,יםו,1,2
845,פארשטודיען,1,1
846,יאקות,1,1
847,ולשבונין,1,3
848,ייווי,1,1
849,טטרצא,2,2
850,מנקדים,1,2
851,דהעומר,1,2
852,ממניצעירהלויםיעקבספיראישירושלים,1,0
853,במצקת,1,2
854,קרעמענטשוג,8,44
855,חיפה,2,94
856,קאירא,1,100
857,פעץ,3,45
858,קסריא,1,10
859,תרשיש,1,28
860,קיאבטא,3,2
861,קונסטאנ,4,2
862,קראנשטארט,1,1
863,בענוואטום,2,1
864,ויורישה,1,0
865,בראקטאן,1,1
866,מפהיליפאפעל,1,2
867,לאהאר,2,0
868,ירמוק,1,1
869,פהילאדעלפהיע,2,2
870,באבניא,4,1
871,ביסטע,1,0
872,זאמאקאוו,2,2
873,להזן,2,2
874,זאפהיענקירכע,1,1
875,אשעק,1,2
876,אצמידא,2,0
877,שארלעסטאן,5,1
878,ממקהלה,1,0
879,בחצרנו,2,1
880,אדאלך,2,2
881,פלאני,2,2
882,פאלליאק,1,3
883,טאביאם,1,2
884,סלוצ,1,0
885,בריילא,1,1
886,זאמאקאוו,2,2
887,לפילים,1,2
888,יעניקוי,2,1
889,הענאך,1,3
890,נאוויאוסקי,1,2
891,ללדתו,1,1
892,בבשנה,1,1
893,במקרקעי,1,1
894,המחלקית,1,3
895,סערוויז,1,2
896,העבל,1,2
897,בקלעוועלאנד,1,0
898,ותוץ,1,2
899,תדלט,1,0
900,ובחמש,1,6
901,ומחשבון,1,4
902,למלואת,1,3
903,לנשואיהם,1,1
904,באיערין,2,2
905,יועציר,1,2
906,כלולתי,1,2
907,התעורו,1,2
908,אחיותו,1,2
909,להאחוזה,2,1
910,החצופים,1,2
911,קוסטאנטינופיל,1,0
912,גאנצאלא,2,2
913,טראשקון,2,0
914,אינגעניער,1,2
915,ווהארץ,1,1
916,וסלימייא,1,1
917,מארקיש,1,1
918,ובאטושאן,2,2
919,ויעצרוחו,1,2
920,מאזורקיעוויטש,1,2
921,בירמיננהאם,2,3
922,געטענבורג,2,0
923,מידלסבארא,2,0
924,רוסלאנדן,1,2
925,סערדאהעללי,6,0
926,שוליטץ,3,1
927,סימפאראפאל,4,0
928,מאתאן,2,0
929,ניושני,2,2
930,קאהאר,1,11
931,הנסי,1,14
932,הקאלאנעל,1,8
933,דיללון,1,4
934,פינקערט,1,3
935,וועלש,2,4
936,לאטט,1,3
937,פהיליפזאן,1,6
938,קאוואניארי,1,7
939,קלאפקא,1,5
940,אשכז,1,4
941,דזעהמס,1,4
942,פאסקיעוויטש,1,4
943,פאלקסצייט,1,0
944,טאגבל,1,0
945,משטראססבורג,2,3
946,וואקאי,2,1
947,אייששאק,1,2
948,תזנח,1,2
949,לילודי,1,2
950,לשוגנו,1,2
951,ואחינ,4,2
952,ווילנאהנאמנים,2,0
953,שהתרבו,3,2
954,בצעריך,1,2
955,משעלי,1,1
956,כעזבה,1,2
957,בהאורח,2,3
958,היאודים,1,1
959,הדהות,1,1
960,ועורכיו,1,1
961,פלוא,1,1
962,ואתקעהו,2,2
963,הרשא,1,1
964,בהיה,1,6
965,שמעתיק,1,3
966,המסומנת,1,4
967,זוזים,1,6
968,בסובב,1,6
969,דבריושל,1,0
970,גובהו,1,3
971,קרונ,1,4
972,מכזיב,1,17
973,ממבוא,1,10
974,מחצאי,1,3
975,הירוש,1,1
976,שהשעור,1,4
977,עיבורו,1,4
978,קאלשין,2,2
979,וקאמיניץ,1,1
980,ובארקאוו,3,0
981,טשיגאנא,3,1
982,ראגאטשעוו,1,2
983,יבבצר,5,0
984,העוסענשטאם,1,2
985,גאדע,2,1
986,וויזאן,1,2
987,סאמאר,1,2
988,ענדינגען,2,1
989,בוועסטפאלען,1,4
990,בציריך,1,23
991,ובסט,4,1
992,פלאטצ,1,1
993,ברעסלי,6,1
994,מעלבארען,1,1
995,ובחרטום,1,1
996,אדאקאלעה,1,2
997,להשוג,1,2
998,וחילות,2,1
999,וגיש,1,1
1000,ודאמיאט,1,1
1001,טיגר,1,1
1002,ומעמידה,1,2
1003,מעהא,1,1
1004,ולכדה,1,2
1005,לבנדאד,1,2
1006,הפרסו,1,0
1007,מהארמעניים,2,2
1008,מסאליסטריא,2,2
1009,וישתוה,1,2
1010,עומדו,2,2
1011,פלאנקא,2,1
1012,פלעשין,1,2
1013,עלהמדינותבו,1,0
1014,מוהרש,1,0
1015,הרב,1,26803
1016,מוהרד,1,0
1017,מהרז,1,0
1018,זצוק,1,0
1019,יוסטמאן,1,9
1020,הגאו,1,40
1021,מוהרחא,1,0
1022,מוהרג,1,0
1023,בדס,2,0
1024,ולאת,1,2
1025,ומסכתות,1,2
1026,הויכין,1,1
1027,ראחי,1,1
1028,ליסדבית,1,0
1029,לחיטי,1,2
1030,וואססערטריללינג,1,2
1031,מהישן,1,1
1032,שריידער,1,2
1033,שנתשוב,1,2
1034,בסרס,1,0
1035,מהריף,2,1
1036,מאנער,1,1
1037,הרעאלשולען,1,2
1038,מירגאראד,2,5
1039,טשוד,1,0
1040,גרינקישאק,1,3
1041,רובעצקי,1,1
1042,וויילבורג,1,2
1043,פארשטעהר,1,0
1044,פהירט,1,2
1045,הערשל,1,3
1046,גיברלטר,2,3
1047,פעטריקאוו,5,3
1048,הוהמס,1,0
1049,פראנקריי,2,4
1050,נושפנקא,2,6
1051,כותאים,1,2
1052,שפז,3,0
1053,כהצא,2,3
1054,רעח,1,0
1055,מולדער,1,1
1056,שעקד,1,2
1057,בולנום,1,2
1058,ומשגיחו,1,2
1059,פיקער,1,2
1060,מטרוייש,1,2
1061,ראגאלער,1,1
1062,הפשטיי,1,1
1063,והידא,1,1
1064,צאמארי,1,2
1065,הגריה,1,0
1066,סרגאדו,1,0
1067,מיימן,1,1
1068,מרינוס,1,2
1069,ראיגאראד,4,1
1070,דוגעליסאק,4,1
1071,ווילקאטש,1,2
1072,מקאניןמודיעים,1,0
1073,בעסרביא,1,0
1074,אנאניאוו,3,0
1075,מהברד,1,1
1076,וואראניזש,2,1
1077,קריטשעווסקי,1,2
1078,שטראלזונד,1,1
1079,קערעסטור,3,2
1080,ונידערמאן,1,2
1081,אהרה,1,1
1082,טגראד,1,1
1083,וקארא,2,0
1084,באוטליא,1,0
1085,אנטאקאליע,1,0
1086,קאידאנאוו,5,2
1087,קאפאצאוו,4,3
1088,נאוואגאראד,1,6
1089,יצחקגאלדמאןמדפיםבווארשא,1,0
1090,ושותפוברוךקאפעלאוויטץבדינאבורג,1,0
1091,קאלינבערי,1,3
1092,נאליווקע,1,13
1093,סורונאבביתאכסניאשל,1,0
1094,אלאחבייושבירוסיאופולין,1,0
1095,שטראסעאשר,1,0
1096,מקאממיססיאן,1,0
1097,בביתאכסניאשלי,1,0
1098,גאטהויז,1,2
1099,להפיקרצוןכלאורחהבא,1,0
1100,נראניטשנא,1,3
1101,בביתאכסניאשלהאטעל,1,0
1102,זאחאדניא,1,3
1103,וויאנסקי,1,0
1104,אשרהכינותיפהבערלין,1,0
1105,בגאנדאווא,1,3
1106,בניויארק,2,7
1107,יאמבולי,1,4
1108,מסעמלין,2,3
1109,ובאלגיר,1,4
1110,בבמביי,2,5
1111,השופאטים,1,2
1112,מסאפיא,1,2
1113,ההערצבישאף,2,3
1114,בערשור,5,1
1115,ניזיען,7,0
1116,וביבליאטהעק,1,2
1117,ערוכתם,1,1
1118,ויפקידום,1,3
1119,שבביתם,1,2
1120,שלשתשנים,1,0
1121,קאנסערוואטיוים,1,1
1122,מליתן,1,3
1123,שהחובות,1,2
1124,ברשימתם,1,2
1125,מעגיערי,1,1
1126,גמיננע,2,0
1127,אוטשאסטקי,1,0
1128,וקרואיה,2,2
1129,דולקיגנא,1,2
1130,המרכזיות,1,2
1131,רוקיא,1,2
1132,הצביאה,1,2
1133,עליזאכעט,1,2
1134,רוסלא,1,4
1135,לסיעניצא,1,0
1136,כורתת,1,3
1137,ראדירות,1,1
1138,וגאווי,1,0
1139,תתפרר,1,3
1140,להדארדאנעלען,1,2
1141,ודאלמאציען,1,2
1142,דאלמאטציען,1,2
1143,לעווא,2,1
1144,פרינצען,1,1
1145,מלצור,1,2
1146,פעליזאט,1,2
1147,טשיפליק,1,2
1148,חאדזשאם,1,0
1149,טרעסטעניק,1,2
1150,וחילות,2,1
1151,פלאנקא,2,1
1152,אדריאנאפל,1,0
1153,פערגהאן,1,1
1154,לערצערום,1,2
1155,באמושאן,1,0
1156,נייאשטעטטין,1,0
1157,ווילנאהנאמנים,2,0
1158,ווערזיילעס,1,1
1159,מתמוצו,1,0
1160,לשמחם,1,2
1161,בראל,1,0
1162,פריליקא,1,1
1163,מתמובו,1,2
1164,שליכטערן,1,1
1165,פונדא,2,1
1166,באבראוויצי,3,2
1167,קראיענקאמפ,1,99
1168,גסבערג,1,3
1169,קראוואטען,1,0
1170,קעניגסבער,1,3
1171,שטאדט,1,300
1172,יוגענד,1,5
1173,קראיענ,1,5
1174,נאלעיוקע,1,3
1175,איילענפערל,1,0
1176,האלאווענסקי,1,4
1177,לוביטש,1,3
1178,הזנאוויץ,1,2
1179,גארקי,1,4
1180,מקזאן,1,2
1181,וויענד,1,2
1182,האפאטהעקער,1,5
1183,נאוואראראק,3,3
1184,אוקה,1,1
1185,מילליאןשבע,1,0
1186,בשנתשנים,1,0
1187,שוועדים,1,2
1188,כאלצים,3,1
1189,לפך,1,2
1190,ארטיקערן,1,1
1191,גילדערס,1,2
1192,קאלעני,1,2
1193,דולום,1,2
1194,וארבעי,1,3
1195,ושלשמאות,1,0
1196,מבראזיליען,1,17
1197,בניויארק,2,7
1198,בליווערפאל,2,16
1199,ולההמון,1,2
1200,וציני,3,2
1201,קאלמענאוו,2,0
1202,ליוליאן,2,2
1203,עלעאגארא,1,1
1204,ענדרא,2,0
1205,תמהי,1,2
1206,נהגנוך,1,2
1207,נסתתר,1,2
1208,שמפטירים,2,2
1209,התודעתי,1,5
1210,בלאמפאנטיין,2,1
1211,פאלאצק,5,12
1212,זאאלאגישער,1,0
1213,רוססלאנדסעוואסטאפאל,2,0
1214,נישאווא,3,0
1215,נאייהזייעל,2,0
1216,ראגולי,1,1
1217,הערהמאתהמול,1,0
1218,מרוסטשציק,1,2
1219,האסקוי,6,0
1220,ולכתובעליושטנה,1,0
1221,פונדא,2,1
1222,רוססלאנדווילנא,1,0
1223,בוימוואללענען,1,4
1224,פערשיעדעגע,1,2
1225,לופען,1,0
1226,אפערנגלעזער,1,0
1227,דעמבאווע,1,0
1228,זעהרבילליגעפרייזען,1,0
1229,פראכטפאללעס,1,2
1230,דעקען,1,5
1231,אטלעסענע,1,0
1232,קרייזגעריכטען,1,3
1233,לייבליכע,1,6
1234,עקסטראקטען,1,0
1235,קלאפיער,1,0
1236,ציגאררעטס,1,5
1237,חינעזישע,1,13
1238,טהאראמענטעל,1,1
1239,תקסה,4,0
1240,פרידריכסשטאדט,1,2
1241,ביעליץ,1,6
1242,שפג,2,0
1243,בייטהען,4,3
1244,בירת,1,1787
1245,עניען,1,6
1246,בטשערנאוויטץ,1,4
1247,רוסטשצוק,2,13
1248,דעססוי,1,5
1249,מגאסטיין,1,6
1250,הגדולוולאדימיר,1,0
1251,קאלגאקי,1,3
1252,למאיילאנד,1,2
1253,ויתכבד,1,10
1254,לפרידריכסרוהע,1,16
1255,סענטוואליער,1,4
1256,לאישל,1,7
1257,לקיססינגען,1,20
1258,קאליפארני,2,2
1259,קיאבטא,3,2
1260,ווירגיניען,1,2
1261,וקאלוגא,2,0
1262,ויעפענהאר,1,2
1263,פאשינע,2,0
1264,קונסטאנ,4,2
1265,קאראקאז,1,2
1266,דודינא,2,2
1267,בהפרורים,1,1
1268,והיפא,1,2
1269,וויניצאה,1,3
1270,ערפורט,1,22
1271,המיוחסות,1,29
1272,בהגהת,1,19
1273,בהגהות,1,33
1274,הריטב,2,0
1275,עקידה,1,11
1276,הרלב,1,0
1277,ובטעות,1,18
1278,מוזכר,1,20
1279,להרמבס,1,0
1280,לאוח,1,1
1281,במגא,1,0
1282,באמד,5,0
1283,רמג,1,0
1284,הפאדאל,1,1
1285,לואיזאנא,1,2
1286,מהארמעניים,2,2
1287,בעהמאן,1,2
1288,בהעקספא,1,0
1289,טהוערס,1,2
1290,ומתכם,1,1
1291,סאלו,1,0
1292,פוילן,1,2
1293,ההערצאגטום,1,1
1294,הסיטי,1,1
1295,האוואיי,1,2
1296,המשמחה,1,3
1297,פריידענטהאל,1,2
1298,ולהקאנזול,2,2
1299,בואינה,1,2
1300,מאטשאן,1,0
1301,מושאלסקי,1,0
1302,ריינשטיין,1,3
1303,באסוויטץ,1,1
1304,מידיהי,1,2
1305,ותתעטר,1,2
1306,אנווערס,1,3
1307,נורטהויזען,1,1
1308,איחלער,2,1
1309,מאיארא,3,1
1310,פנעט,3,2
1311,מרגליתא,1,1
1312,שפינע,1,0
1313,ריפמאנז,1,0
1314,דוידזאהן,1,1
1315,והמכלל,1,2
1316,כדס,1,0
1317,ליאנע,1,1
1318,למולאי,3,2
1319,טאלסאן,2,0
1320,הקאוואליר,1,2
1321,דעסקא,1,2
1322,ומשגיחיהעיראלופי,1,0
1323,יעליענער,1,2
1324,האדוגים,1,3
1325,עקרעטער,1,0
1326,וזילבערמאן,1,3
1327,פיאלאקאוו,1,0
1328,וקרואיה,2,2
1329,דמיטריאוו,1,0
1330,טוביזכרו,1,0
1331,פיינטוך,1,1
1332,והכנ,1,1
1333,דוקעליסקי,1,1
1334,קארמונא,1,2
1335,הראקטורים,1,1
1336,רכותיה,1,0
1337,לושלום,1,0
1338,גרמ,1,0
1339,גרינבע,1,2
1340,דתמוז,4,1
1341,סימפ,1,2
1342,ולידידי,1,2
1343,שםב,1,0
1344,יחסמז,3,0
1345,ונאלו,1,3
1346,מכביה,1,2
1347,נאשציני,1,2
1348,יחבה,1,2
1349,חבח,1,1
1350,לאמציה,1,0
1351,ולזעום,1,2
1352,וילעק,1,2
1353,אשביח,1,2
1354,אכחות,1,3
1355,ונתצתם,1,0
1356,וכנגיד,1,2
1357,נגידומצוה,1,0
1358,מכהמת,1,2
1359,והמכריז,1,3
1360,פחרי,1,1
1361,נאקותי,1,1
1362,ילדתיני,1,2
1363,וימרד,1,2
1364,המתופפים,1,2
1365,כשריקת,1,3
1366,שפתיונעו,1,0
1367,רלם,1,1
1368,סופרגו,1,1
1369,עכרתנו,1,0
1370,נחוי,1,1
1371,פאליצ,1,0
1372,האלאני,1,4
1373,פאריזו,1,2
1374,מנהע,1,0
1375,קאסטאמאראיו,1,0
1376,תלגרמוות,1,1
1377,ממערבות,1,2
1378,מחצח,1,1
1379,ןמ,1,1
1380,הפאססי,1,0
1381,בלאגאוועשטשענסק,3,0
1382,שלעדה,1,2
1383,אובן,1,15
1384,טוביאנסקי,1,5
1385,שיקאנא,3,6
1386,דושטשוק,1,3
1387,בעלגארד,3,5
1388,נווא,2,1
1389,עמבער,1,8
1390,פאקשאני,3,5
1391,אנאניאוו,3,0
1392,פראנקריי,2,4
1393,מקאשוי,1,2
1394,בחמשי,1,16
1395,ללוגדון,1,2
1396,תמיס,1,0
1397,לההתקשרות,1,3
1398,כנוסע,1,2
1399,ולהניעו,1,2
1400,שמצדו,1,2
1401,אמאלאזונטא,1,5
1402,בשעשועיו,1,4
1403,מהשבותיו,1,4
1404,ולקראהו,1,3
1405,שסלל,1,9
1406,שלמענו,1,4
1407,שיוליך,1,3
1408,וינהיג,1,5
1409,ולאיוכל,1,0
1410,בנוחת,1,2
1411,ויתקרב,1,7
1412,לרדק,1,1
1413,באהט,2,0
1414,רכד,1,0
1415,מיימוניות,2,3
1416,דעתקת,4,2
1417,סידוד,1,6
1418,להרשבא,1,0
1419,שפג,2,0
1420,תקסה,4,0
1421,רודאלל,1,2
1422,רלד,2,3
1423,חוהס,1,0
1424,רחנוכה,2,7
1425,אבגרוס,1,3
1426,אקווילא,1,2
1427,והערתי,1,2
1428,מיקאלוס,1,3
1429,תקוק,1,3
1430,ומחמיה,1,2
1431,למועדא,1,2
1432,יאמא,1,1
1433,ודריסה,1,2
1434,הינרי,1,2
1435,שהשע,1,0
1436,הגריפ,1,0
1437,שנתפתה,1,0
1438,שהגהתי,1,3
1439,לעבעדינצאוו,1,2
1440,אנטיננוס,1,1
1441,עזרכי,1,1
1442,מקוטעת,1,1
1443,פאדרוס,1,2
1444,פסוקיו,1,2
1445,שנתנבא,1,2
1446,כהראב,1,0
1447,תשצ,1,0
1448,דמנהדרין,1,1
1449,אלקורין,1,2
1450,כאמיתה,1,2
1451,ואשכחיה,1,2
1452,דאיתמר,1,3
1453,מאמחז,1,0
1454,שחלוק,1,2
1455,דעולה,1,2
1456,והוידע,1,2
1457,וקהר,1,0
1458,דנצטוו,1,2
1459,פארשטאד,2,2
1460,חולתם,1,2
1461,האדעם,1,0
1462,מאיארא,3,1
1463,סדרון,1,2
1464,יעמש,1,0
1465,טפארב,1,0
1466,תצין,1,2
1467,והשיטוהו,1,2
1468,באלקען,1,0
1469,באלכי,1,2
1470,וקמ,1,0
1471,שלוחיך,1,2
1472,געמן,1,1
1473,מיונים,1,2
1474,וויימער,1,1
1475,יזדככו,1,3
1476,שנקברו,1,6
1477,אקלימי,1,5
1478,בסקאזקי,1,1
1479,מהקולניות,1,2
1480,המצאינה,1,2
1481,שתשתבה,1,4
1482,ההיאכי,1,0
1483,קנותם,1,5
1484,ישימות,1,3
1485,יאזלו,1,2
1486,בביתב,1,2
1487,התגיירות,1,3
1488,לאיזכרו,1,0
1489,ושוכניהם,1,6
1490,מגרשיהם,1,2
1491,וכאבם,1,7
1492,ויזרעוה,1,5
1493,בירדם,1,10
1494,מקנם,1,10
1495,כושיים,1,21
1496,ורותה,1,8
1497,ודמיהם,1,13
1498,לקפוא,1,6
1499,מדמם,1,22
1500,ושדודים,1,24
1501,יבולן,1,1
1502,ימוגו,1,10
1503,ויתמוגגו,1,6
1504,והרעו,1,11
1505,נייאעסטע,1,1
1506,טהעאל,1,0
1507,קאללעגיאומס,1,1
1508,נאפעללע,1,2
1509,ראבבינאט,1,1
1510,עהערעכט,1,0
1511,זעמינארס,1,3
1512,זאךא,1,0
1513,געבעטבוך,1,3
1514,בערייטוויליגסט,1,3
1515,קוויטטירט,1,3
1516,רייגד,1,0
1517,עהרוו,1,1
1518,דיענסטעס,2,3
1519,בישאט,1,2
1520,צדום,1,4
1521,ארטאס,1,1
1522,קיסמא,1,2
1523,ארותא,1,1
1524,אלקסיני,1,2
1525,בהלומו,1,0
1526,מיגואל,1,2
1527,אלעטאר,1,2
1528,שמידם,1,1
1529,פריעדל,2,2
1530,מבערזנא,2,1
1531,ובצו,1,3
1532,המגש,1,0
1533,מהרמל,1,0
1534,וחידושי,2,9
1535,באמד,5,0
1536,עהג,1,0
1537,הרמבץ,1,1
1538,יאהאנעסבורג,2,2
1539,תרליח,6,0
1540,הרלא,1,0
1541,הנגאל,1,2
1542,סטנאב,1,2
1543,רנשבורג,3,2
1544,יעוורייסקאי,3,3
1545,פאליטשינסקי,1,1
1546,בהעתקח,1,3
1547,שהפריע,3,2
1548,דעתקת,4,2
1549,קאנקארדאנציאע,2,2
1550,קרעמענטשוג,8,44
1551,ניישטאדטל,8,2
1552,סימפאראפאל,4,0
1553,קרעמצוג,4,0
1554,גרינשטאדט,2,1
1555,וולאדאווא,1,1
1556,טשערקאסס,1,4
1557,לעהק,1,0
1558,לעיהק,2,0
1559,מהורס,2,0
1560,דטעלז,1,1
1561,ורבד,1,0
1562,קריזבורג,2,2
1563,וליבעק,2,2
1564,דקכ,2,0
1565,האזיאס,1,2
1566,גלייזער,1,3
1567,טראשקון,2,0
1568,ולקהלתנו,1,1
1569,להאחוזה,2,1
1570,נייבידשאף,2,2
1571,לסאראקי,1,1
1572,ריצין,1,0
1573,באיזביצא,3,2
1574,קערעסטור,3,2
1575,שמפטירים,2,2
1576,קארעליטץ,1,1
1577,להזן,2,2
1578,ראטנע,1,2
1579,ניקאלסקאיע,3,1
1580,יעלענאווקא,1,2
1581,זעמניצע,1,2
1582,אסטאוו,2,0
1583,אגאסט,1,0
1584,נווא,2,1
1585,אזאוו,2,1
1586,ומטירנאווא,1,2
1587,דארטמונד,1,3
1588,פלאיעטיש,1,2
1589,אונגאן,1,1
1590,מאגורעללע,1,0
1591,גרינשטאדט,2,1
1592,האסקוי,6,0
1593,נישאווא,3,0
1594,שאראווא,1,0
1595,חארסאן,1,0
1596,ורבנד,2,0
1597,ונויארלעאנס,1,8
1598,חאטין,2,13
1599,הערסאהן,1,3
1600,לעיהק,2,0
1601,חיפה,2,94
1602,נהרדעא,1,29
1603,מטבריה,1,12
1604,ניישטאדטל,8,2
1605,ברדיטשעוו,1,3
1606,סוגינד,3,2
1607,באגטשי,1,2
1608,אלפונזא,1,2
1609,בזארדיניען,1,1
1610,ובקורו,1,2
1611,כשבתו,1,13
1612,לווארזין,1,1
1613,יאגעללא,1,1
1614,לפאבסט,1,2
1615,ויעמדהו,1,2
1616,שהתארחו,1,2
1617,מרכוב,1,2
1618,כארונו,1,2
1619,ווהו,1,4
1620,דיעטפורטה,1,1
1621,תשתי,1,0
1622,תרכוב,1,0
1623,לשנוו,1,2
1624,חזיתיו,1,2
1625,מהחוץ,1,2
1626,בשאלך,1,1
1627,הבישליק,1,2
1628,תכוין,1,1
1629,לחשבוננו,1,1
1630,ותשביל,1,1
1631,זועמה,1,2
1632,בויב,1,2
1633,וחרצת,1,2
1634,חותנהו,1,0
1635,טרחתך,1,1
1636,רוממתיך,1,2
1637,ובאד,1,2
1638,זלאטניקאוו,1,2
1639,מקרייום,1,0
1640,מיליס,2,1
1641,דמדרש,1,2
1642,ביתהמדרש,2,0
1643,מכתאר,1,1
1644,מקריינשטאדט,1,2
1645,אצלאן,1,1
1646,רמאל,2,1
1647,בזאל,1,0
1648,פנעט,3,2
1649,שפערל,1,1
1650,אנטיוכיס,1,2
1651,רצבי,2,1
1652,אשקארסהאם,1,1
1653,זאמושטץ,1,0
1654,סאראטה,4,0
1655,באינדיאנא,1,2
1656,סלאנימא,1,2
1657,טיראל,1,58
1658,קאלאבריען,1,4
1659,שנקרעו,1,5
1660,ומרוסס,1,3
1661,ומדינת,1,62
1662,קאנס,1,14
1663,וואראנעש,2,1
1664,הארטודאקסים,1,2
1665,אזאוו,2,1
1666,מהמהודרים,1,5
1667,כגראדנא,2,2
1668,שבמהודרים,1,5
1669,היידעסהיים,1,2
1670,אפטהעקער,1,2
1671,סונדערלאנד,1,3
1672,בפירטא,1,2
1673,ניקוליוב,10,7
1674,בקורלאנד,2,25
1675,ממאקאווע,1,2
1676,לאאיש,1,2
1677,לאפאט,1,1
1678,שנותיובן,1,0
1679,הענטשי,1,2
1680,שנותיי,1,2
1681,בירוט,5,8
1682,האלבערשטארט,2,0
1683,סוגינד,3,2
1684,לאנ,1,6
1685,צערנאוויץ,1,7
1686,בפרייסן,1,6
1687,שווערזענסקי,1,5
1688,בקאניגסבערג,1,11
1689,פלאצקי,1,7
1690,יורסקי,1,12
1691,אפריים,1,5
1692,טשאשניק,2,0
1693,לינגמייאן,1,1
1694,סוראשצי,2,1
1695,ליאחאוויטש,1,1
1696,מעדווין,2,1
1697,סקולען,3,0
1698,קלעפניץ,1,1
1699,ליופנישאק,1,1
1700,קאוול,1,0
1701,ליאהאווא,1,0
1702,ווישניווא,1,1
1703,טעטיוב,1,0
1704,אלקאניק,1,1
1705,זאנגע,1,4
1706,מוזיקדירעקטאר,1,5
1707,בעגריפפענען,1,3
1708,אינלאנדע,1,5
1709,ציילע,1,3
1710,קעניגל,1,1
1711,איןווארשויא,1,0
1712,רעליגיאנסלעהרער,1,11
1713,ערשיען,1,10
1714,דייטשלאנדם,1,2
1715,זילבר,1,0
1716,אכט,1,15
1717,ראבבינאלער,1,2
1718,געפריפטע,1,4
1719,אייראגאלי,1,2
1720,פייטשעם,3,2
1721,רידנא,1,2
1722,נאוואראראק,3,3
1723,בעזריז,1,2
1724,בערשור,5,1
1725,מפשיסחא,1,1
1726,ובגדה,1,3
1727,שרענסק,1,1
1728,שכדבריו,1,2
1729,למכעיסיו,1,3
1730,ראזה,1,2
1731,לשודר,1,2
1732,ובאויסטראליא,1,2
1733,אתמכה,1,0
1734,ממשפתת,1,2
1735,בטרענט,1,1
1736,והדיום,1,2
1737,יעשק,1,1
1738,ענדרא,2,0
1739,ויותם,1,2
1740,החכמ,1,2
1741,ניקוליוב,10,7
1742,ניקוליוב,10,7
1743,קאלסבורג,2,2
1744,לפיק,1,2
1745,נאוועמבו,1,1
1746,ראגאלי,5,1
1747,הגראממאטיק,1,2
1748,ואקא,1,1
1749,יפך,1,2
1750,בשפעה,1,2
1751,ולניה,1,3
1752,קאמביער,1,2
1753,לפאקשאן,1,0
1754,בהופעת,1,2
1755,ככינו,1,2
1756,תלגרמו,1,2
1757,בררולי,1,0
1758,מילאשעוויטש,1,0
1759,במארסילייע,1,1
1760,מאזי,1,1
1761,בדרח,1,0
1762,קדעמענטשוג,2,0
1763,החלמובבתיכלסוחרי,2,0
1764,ליעבץ,1,4
1765,רוממיל,1,0
1766,והאהים,1,3
1767,והגא,1,2
1768,באודעססא,2,0
1769,להרבהגאוןמוהרר,1,0
1770,הןספרי,1,0
1771,סטערעטיפ,1,1
1772,ומרזיק,1,3
1773,תרליח,6,0
1774,הפטורת,1,8
1775,דעתקת,4,2
1776,ומהרשל,3,0
1777,רנשבורג,3,2
1778,מיניץ,1,1
1779,באהט,2,0
1780,ם,1,2826
1781,צנ,1,2
1782,ססב,1,4
1783,אליום,1,44
1784,ן,1,615
1785,פסס,1,2
1786,נן,1,75
1787,וסס,1,6
1788,יאנאוו,2,6
1789,גרייא,1,3
1790,יוסטינוס,1,8
1791,מבאריסלאוו,1,2
1792,מהפפאלץ,1,4
1793,סאבלין,1,7
1794,מעלניקאוו,1,12
1795,באגדאנאוויטש,1,11
1796,הגמון,1,14
1797,מאריענבאר,1,3
1798,בלייכעראדע,1,5
1799,טריגאני,1,1
1800,אנטיזעמיט,1,6
1801,בפאדוא,1,3
1802,ויתאכסן,1,11
1803,פאדאלסק,5,47
1804,עיק,1,2
1805,בטאשקענט,3,6
1806,טשעלמזפארד,1,0
1807,מטשערניגאוו,1,4
1808,מאיסמיט,1,3
1809,נעקלידאוו,1,6
1810,נסטנטינופול,1,4
1811,עלגראד,2,2
1812,סעפטענ,2,4
1813,רומעניעןבוקארעשט,2,0
1814,ניישטאדטל,8,2
1815,ניזיען,7,0
1816,קאסטאנטינופולי,1,0
1817,סופריםווילנא,1,0
1818,באגדד,1,2
1819,מאלבאר,1,0
1820,פענו,1,2
1821,סינגאפור,1,0
1822,ראדישקעוויץ,1,2
1823,יאווע,1,14
1824,סוחאוואליא,1,2
1825,שומיאטיץ,1,2
1826,חאלאווענסקי,1,2
1827,טעמיריאק,1,2
1828,נאוואזובקאווא,1,2
1829,ליסקאווא,1,1
1830,רייקע,1,2
1831,טאפאפאל,1,2
1832,וואבאלניק,1,10
1833,וויליאטיטש,1,2
1834,נאסאווקא,2,2
1835,קאראפ,2,1
1836,סוראשצי,2,1
1837,קאפאצאוו,4,3
1838,ומעזיבוז,4,0
1839,ווארנאן,1,2
1840,בעריזאווקא,1,2
1841,האטין,4,9
1842,הגראספירשט,3,2
1843,אזיושתעליוענשבעדהנבלהאשרעשה,1,0
1844,שטאלבארג,1,0
1845,הגענעראלקאנזול,1,5
1846,קאטקאו,1,2
1847,בסטאניסלאו,1,2
1848,בארטאן,1,2
1849,פעריערע,1,2
1850,קאזאל,2,2
1851,הערצבערו,1,1
1852,וקאמינסקי,1,1
1853,האדראש,1,2
1854,קרייווע,1,0
1855,סערפוכאוו,1,2
1856,שערליץ,4,11
1857,חאטין,2,13
1858,וויניצא,3,30
1859,קאדרע,1,0
1860,דודינא,2,2
1861,ידוממוהו,1,2
1862,ראליא,1,2
1863,שמחר,1,2
1864,ובםגם,1,0
1865,דמיוטה,1,1
1866,מקטו,1,2
1867,פילעדאלפיע,1,2
1868,יעליסאבעטגראד,1,1
1869,ואורחיה,1,1
1870,פיאנטניצא,1,2
1871,בייטהען,4,3
1872,השוון,1,3
1873,אניקסט,1,6
1874,שידלוב,2,5
1875,סמעלא,1,6
1876,דווארעץ,1,3
1877,ומיהו,1,10
1878,מקשינן,1,5
1879,דסבירא,1,6
1880,ונלפעד,1,0
1881,דברירה,1,5
1882,דאדרבא,1,5
1883,בעניין,1,11
1884,טעמיה,1,7
1885,להך,1,11
1886,כוותי,1,1
1887,הבאספהארוס,2,2
1888,סאלוניקה,1,4
1889,לבאמביי,1,8
1890,באטטע,1,2
1891,בליפערפאל,1,4
1892,ניגרעציא,1,0
1893,ווארנה,1,4
1894,פאדוואלאטשיסק,1,4
1895,סצ,1,3
1896,ויוז,1,2
1897,זעלוועסבארג,4,1
1898,עקזערציטאציאנעס,2,0
1899,דירלאשע,1,1
1900,מהביכורים,1,2
1901,וגרען,1,1
1902,הכרסל,1,1
1903,מהודרא,1,2
1904,מביאינו,1,2
1905,געתק,1,2
1906,דוקעש,1,3
1907,בכריסטיאניא,1,2
1908,ינקד,2,2
1909,כובכי,1,1
1910,והאוניברמיטאי,1,2
1911,הארמיניים,1,2
1912,עמדין,1,15
1913,וחידושי,2,9
1914,מרבינו,1,39
1915,בעמח,1,0
1916,לאמפרונטו,1,3
1917,קלוגר,1,6
1918,בהנא,1,4
1919,וגאליציען,1,38
1920,קורלאנד,1,50
1921,וחשף,1,9
1922,והשף,1,6
1923,בייטהען,4,3
1924,בריעזען,1,1
1925,לעססען,1,3
1926,לאנדראבבינער,1,2
1927,בעהרענדט,1,1
1928,זאלפענדי,1,4
1929,שווארצ,1,2
1930,אסיסטענט,1,20
1931,אבערראבינער,1,4
1932,שטראס,1,4
1933,אבערקאנטאר,1,11
1934,סענע,1,2
1935,נארדפראנצעזישע,1,2
1936,חילדעסהיימער,1,2
1937,רעפערענצן,1,7
1938,זכינא,2,2
1939,דמקא,3,1
1940,בערובי,2,0
1941,קוהע,1,0
1942,כדלקמן,1,2
1943,טריון,1,2
1944,שלמייא,2,0
1945,דרבב,3,0
1946,בגשמו,2,2
1947,מהתוס,1,0
1948,ומארוקה,1,1
1949,גמורו,1,1
1950,תרלהלפק,1,0
1951,ידאייר,1,0
1952,המוז,1,8
1953,תרמנ,2,0
1954,תקסה,4,0
1955,תרעובות,1,3
1956,עקודת,1,1
1957,נדבותיך,1,2
1958,לודוי,1,3
1959,משתריה,1,2
1960,עדיפי,1,2
1961,הפסולה,1,3
1962,ותמי,1,1
1963,אקרו,1,2
1964,תינוקו,1,0
1965,רגזז,1,1
1966,וכדתנן,1,2
1967,לנתינה,1,0
1968,אפונדתו,1,2
1969,דעולת,1,2
1970,הכבלי,1,3
1971,ולגע,1,2
1972,מתנייתה,1,2
1973,למכוכת,1,2
1974,נדכת,1,2
1975,סילאווקא,1,3
1976,ובהסכין,1,2
1977,לזוזאנא,1,3
1978,הבוצע,1,2
1979,פצפצהו,1,2
1980,לפעדרא,1,2
1981,איךקנה,1,0
1982,בנקמת,1,2
1983,ומהון,1,2
1984,באטשי,1,2
1985,ואהובו,1,1
1986,ריכו,1,4
1987,ומעדתו,1,0
1988,לאחס,1,0
1989,שיטול,1,3
1990,טארגאוו,4,5
1991,ליבוי,1,21
1992,סופריםקאוונא,3,0
1993,מאנשזאהן,2,1
1994,בערינבלום,1,2
1995,קונטענט,1,4
1996,מארשאלקאוויטש,1,1
1997,מלוטנינבערג,1,2
1998,שרהסזאהן,1,3
1999,חיימא,1,5
2000,בהרהק,1,0
2001,מהורדנא,1,4
2002,ובשוח,1,0
2003,רייפ,2,0
2004,התופק,2,0
2005,שהפריע,3,2
2006,דאחאב,1,2
2007,דמקא,3,1
2008,אמשעיעוויץ,2,0
2009,דרבב,3,0
2010,חאג,1,2
2011,עטיאס,2,2
2012,הרבז,1,0
2013,טאלסאן,2,0
2014,סקז,3,0
2015,השדל,1,1
2016,פאדאלסק,5,47
2017,פאלאצק,5,12
2018,ראדאשקאוויץ,1,3
2019,קריטשעוו,1,1
2020,דעמייעווקי,2,1
2021,וויליקא,1,1
2022,דאשאוו,1,1
2023,האראשקע,1,1
2024,דראווקא,1,1
2025,גלוכוב,1,1
2026,ואשמינא,1,0
2027,אושפאלע,2,1
2028,סינאווע,1,3
2029,קרעמענטשוג,8,44
2030,התלרו,1,2
2031,התרמ,1,0
2032,חשוון,1,79
2033,מאודיססא,1,4
2034,ניופארט,1,3
2035,מאגאדור,4,7
2036,שיקאנא,3,6
2037,בלאטאקיע,1,4
2038,בירוט,5,8
2039,בהאנגאווער,2,0
2040,כמחוז,1,9
2041,וויטטען,3,3
2042,מאנדענבורג,3,1
2043,הראסט,3,2
2044,אימרע,2,4
2045,ליובאר,6,6
2046,ניזיען,7,0
2047,היתרית,2,1
2048,איששאק,2,0
2049,גאנדיאדז,1,0
2050,בעזריזש,3,1
2051,באבראוויצי,3,2
2052,בערשור,5,1
2053,קאליש,2,218
2054,קרעמענטשוג,8,44
2055,סוגינד,3,2
2056,מארינפאל,1,3
2057,נאוואראראק,3,3
2058,אושאטש,3,5
2059,סקאלקא,1,0
2060,שערליץ,4,11
2061,קינסק,1,0
2062,טרעביטש,1,18
2063,בקק,1,1
2064,באאמוה,1,0
2065,ביריני,1,2
2066,אביתר,1,4
2067,יהישע,1,11
2068,רוזינבלום,1,4
2069,שמואלבן,1,0
2070,אבודרהם,1,8
2071,זציל,1,8
2072,בנימי,2,6
2073,פאדהייץ,1,2
2074,רנשבורג,3,2
2075,הויזין,2,2
2076,בעהמהס,1,0
2077,מיליס,2,1
2078,כהצא,2,3
2079,וויינקאהם,1,3
2080,וויטקאווא,1,1
2081,האפוועכסלער,2,2
2082,אוסטרא,3,12
2083,רוססלאנדפעטערסבורג,1,0
2084,טאטר,3,1
2085,במינכען,1,101
2086,הראזעווא,3,1
2087,פאסטוב,2,1
2088,טאהנטשע,5,4
2089,קרעווע,1,3
2090,סטודיען,1,2
2091,וועלטפלעטצען,1,3
2092,איזראעלטישעס,1,2
2093,קאעניגליכע,1,3
2094,שטאדטען,1,2
2095,טערריכט,1,6
2096,אפפא,1,0
2097,שטערק,1,2
2098,צורריק,1,6
2099,אריגינאלעפוטץ,1,0
2100,טישטיבער,1,2
2101,זאעכען,1,6
2102,הגאנים,1,1
2103,דנציגער,1,2
2104,בלאדמיר,1,2
2105,מראמאן,2,2
2106,ניקוליוב,10,7
2107,וסוריא,1,33
2108,סודאן,1,90
2109,הקדם,1,916
2110,באבערשלעזיען,1,2
2111,העברעוו,2,1
2112,בפילא,1,0
2113,קאפענהאגן,1,2
2114,נייום,1,2
2115,רייכספריינד,1,0
2116,ראזבערי,1,2
2117,מעסענדזער,1,1
2118,בנאלאטא,1,5
2119,וועסילא,1,1
2120,זאלעם,1,2
2121,קוריערול,1,0
2122,שנבנית,1,2
2123,נאלאטא,1,3
2124,ופראגימנאזיום,1,1
2125,זאבאיקאל,1,1
2126,רדאקציא,1,0
2127,הזירה,1,2
2128,בשמשון,1,2
2129,האזצר,1,2
2130,דרצים,1,2
2131,מרכולה,1,2
2132,למודמלאכה,1,0
2133,בפראנקורט,1,0
2134,לכונןשם,1,0
2135,אבובאווסקאיא,1,0
2136,במחזז,1,3
2137,צאגאציג,1,1
2138,אארוי,1,2
2139,למושממקומה,1,0
2140,הצפא,1,3
2141,מפרנסיהן,1,2
2142,מודאניא,1,3
2143,פאסיפית,1,0
2144,ליטצעלשטיין,1,1
2145,העקאנאמיסט,1,0
2146,שארלעסטאן,5,1
2147,מאלקאהירא,1,2
2148,וועטליאנקי,1,1
2149,מאדריאנופול,1,1
2150,לסאנסיבאר,1,1
2151,הקומינגע,1,2
2152,קראפפענשטעטט,2,2
2153,טשערקאוואנא,1,2
2154,בגידא,1,2
2155,באלאט,1,7
2156,קעסלין,1,7
2157,בניי,2,13
2158,גרארנא,1,1
2159,שעביז,2,6
2160,טאמאשאוו,1,33
2161,לכוריא,2,1
2162,קומוך,1,0
2163,קירקיסיאה,2,2
2164,שסא,2,0
2165,וקרנא,1,1
2166,וגירס,1,1
2167,רדמאי,1,2
2168,בחשון,2,2
2169,סקז,3,0
2170,שזכרתם,1,2
2171,מהריף,2,1
2172,והירונימוס,1,2
2173,האיידעראבאד,3,5
2174,ופראג,3,4
2175,פאקשאני,3,5
2176,קורהעססען,1,1
2177,וימגרו,1,2
2178,וענום,1,2
2179,והנריכים,1,1
2180,כשבין,1,3
2181,מקוצצים,1,2
2182,ושונין,1,3
2183,לאמסט,1,0
2184,יגרשנו,1,2
2185,לגבוריו,1,2
2186,נזקר,1,2
2187,וכפרעה,1,2
2188,דרכמה,1,0
2189,ינוחי,1,2
2190,בהזקת,1,2
2191,צדותיהם,1,2
2192,בתגדת,1,2
2193,יהמסו,1,2
2194,ובשתינו,1,2
2195,טאטאר,1,16
2196,באזארדשוק,1,0
2197,באזארדשיק,2,5
2198,רושטשוק,4,20
2199,טאיף,1,13
2200,סיציליא,1,12
2201,קארעא,3,7
2202,רושטשוק,4,20
2203,איסמאיל,1,37
2204,קורסק,1,22
2205,אסטראהאן,3,18
2206,ניזשני,1,9
2207,ופאדאל,1,5
2208,וואלינסק,2,6
2209,טאווא,2,8
2210,ליקוטים,1,8
2211,ומהרשל,3,0
2212,המבחר,1,6
2213,מיימוניות,2,3
2214,מרסג,1,0
2215,האגרון,1,6
2216,לרנ,1,0
2217,דטז,1,0
2218,יבב,1,2
2219,וסלאנים,1,1
2220,מאינסטראססע,1,7
2221,פאלאצק,5,12
2222,טאהנטשע,5,4
2223,קאידאנאוו,5,2
2224,האמסק,2,14
2225,זלאטאפאליע,1,5
2226,האסלאוויץ,1,4
2227,קאנסטאנטינאפל,4,5
2228,קונסטאנטיננופולה,3,1
2229,קאנסטאנטינאפל,4,5
2230,קונסטאנטיננופולה,3,1
2231,והחלוץ,1,17
2232,ניקאפאליס,1,15
2233,גרעוויטצא,1,9
2234,בהבאלקאן,1,5
2235,ניקאפאלים,1,19
2236,שהתבצרו,1,24
2237,טעראספאלי,2,0
2238,קאלשין,2,2
2239,דאוונא,1,2
2240,ראדזיווילישקי,4,2
2241,אמשיא,1,0
2242,ניישטארט,2,1
2243,סוראשז,1,0
2244,דיארבעקר,1,2
2245,שאטמאר,1,3
2246,ריזונאי,1,2
2247,טארגאוו,4,5
2248,התגוררה,2,5
2249,וויטטען,3,3
2250,סימפאראפאל,4,0
2251,זאגארה,1,2
2252,וקארא,2,0
2253,בזמערינקא,1,1
2254,שוממותה,1,1
2255,מאינעשטי,2,1
2256,לספרדי,1,2
2257,מהבנות,1,3
2258,ובציד,1,2
2259,גאנען,1,1
2260,שארלעסטאן,5,1
2261,ומהראשונים,2,3
2262,מיטטינג,1,0
2263,חפירתו,1,2
2264,איללינאאס,1,2
2265,ונהרסי,1,1
2266,שולבוים,3,5
2267,ראבענער,1,2
2268,בביתמדרש,1,0
2269,תרליח,6,0
2270,בביהר,1,0
2271,צעדנער,1,2
2272,יעוורייסקאי,3,3
2273,בפירארה,1,1
2274,אושאטש,3,5
2275,קאזעלעץ,2,16
2276,האטין,4,9
2277,ארקאשאן,1,0
2278,ראדזיווילישקי,4,2
2279,גאנד,1,1
2280,שארלעסטאן,5,1
2281,בלאמפאנטיין,2,1
2282,גריצע,1,2
2283,תורנק,1,2
2284,התגוררה,2,5
2285,לארנאקא,1,6
2286,אליפעריא,1,0
2287,ומגורו,1,5
2288,אנדריאנופולי,1,6
2289,ניקוליוב,10,7
2290,בוטשאט,1,2
2291,הגובערנית,1,6
2292,פיעסק,2,2
2293,טשערנובול,1,1
2294,מקאפענהאגען,1,9
2295,בסענט,2,3
2296,מאמיריקא,1,16
2297,דובלין,1,24
2298,אויגוכט,1,2
2299,וארחאניא,1,0
2300,טעליטש,1,3
2301,ויבוזון,1,2
2302,לנאוואמאסקאווסק,1,1
2303,אייפאטאריא,1,2
2304,הלליהם,1,0
2305,בהבקיעם,1,2
2306,יוצת,1,2
2307,מסוללותיהם,1,2
2308,ומרעם,1,2
2309,גהיאצעט,1,2
2310,לאוואטשא,2,0
2311,בהשבעותיו,1,3
2312,שהתחבאו,1,2
2313,בכירים,1,3
2314,בלאנשיץ,1,3
2315,מפאקס,1,2
2316,קירו,1,1
2317,שמפרש,1,24
2318,הריטב,2,0
2319,שמפורש,1,16
2320,בזבחים,1,22
2321,שציין,1,13
2322,שפרשתי,1,11
2323,יתיישב,1,12
2324,בעירובין,1,44
2325,הפמ,1,0
2326,קושיית,1,12
2327,ועייש,1,0
2328,המכילתא,1,24
2329,להכתוב,1,26
2330,שהקשו,1,32
2331,וצע,1,4
2332,קונאך,1,1
2333,ובהדריגו,1,2
2334,ליוליאן,2,2
2335,מהגרעפין,1,2
2336,נויתה,1,1
2337,כמנוד,1,2
2338,נאטוואס,1,1
2339,לשמאלקאלדען,1,2
2340,גרעאס,1,1
2341,האחנים,1,2
2342,בשניפישאק,1,0
2343,סידגע,1,2
2344,וקוועדלינבורג,1,2
2345,להסיף,1,1
2346,פינפר,1,2
2347,לגזרהו,1,3
2348,אלסיד,1,2
2349,נושפנקא,2,6
2350,מהורא,1,0
2351,ומהרא,1,0
2352,באמד,5,0
2353,קפז,1,0
2354,חיוד,1,0
2355,לזכריה,1,4
2356,דשס,1,1
2357,דלבוב,1,4
2358,וחא,1,1
2359,ראטשקאווסקי,1,3
2360,פראסניטן,2,1
2361,פלעשען,2,3
2362,פעטערזיל,1,1
2363,טעשרקוב,1,4
2364,ראבדק,1,0
2365,ניקוליוב,10,7
2366,פאדאלסק,5,47
2367,עוואנסווילל,1,6
2368,דזיאלאשיטץ,1,5
2369,עוואנסוויל,1,13
2370,אוסטרא,3,12
2371,ריקארדא,1,4
2372,מוראיו,1,4
2373,אזמידוב,1,4
2374,בענאס,1,14
2375,איזידארא,1,4
2376,אייסמאן,2,3
2377,סערזשענט,1,3
2378,משטראססבורג,2,3
2379,מוראוויעוו,1,7
2380,יאוואל,1,5
2381,מאודיסא,1,6
2382,בעדאריד,1,2
2383,דונאיעווסקי,1,5
2384,מאינצער,1,2
2385,גראפל,1,0
2386,דלאי,1,2
2387,ילנ,1,1
2388,משניפישאק,1,1
2389,ציבה,1,1
2390,לביהכס,1,0
2391,ריינוואלד,2,1
2392,כאנן,1,2
2393,החמצנוהו,1,0
2394,במאלטש,1,2
2395,סאנס,1,1
2396,דסכות,1,2
2397,בערעזאווסקי,1,2
2398,האדעס,1,0
2399,פראנקרייך,1,69
2400,גאוועמבר,1,15
2401,ברליי,1,11
2402,וועלש,2,4
2403,געזא,1,5
2404,עמאנועל,1,23
2405,ניקא,1,6
2406,קאראלי,1,8
2407,מבייערן,1,8
2408,טאווסקי,1,7
2409,דונקער,1,9
2410,זישי,1,5
2411,וגעארג,1,9
2412,פיעטר,1,7
2413,עלליאט,1,15
2414,לפארצין,1,3
2415,באגדאנאוו,1,8
2416,באבראוויצי,3,2
2417,הדניעסטר,1,1
2418,דאווידהארידאק,1,2
2419,וואראנאוויצי,1,1
2420,ניעשוויזש,2,3
2421,האסקוי,6,0
2422,פהילאדאלפיע,1,0
2423,לאדזיניקא,1,1
2424,ניזיען,7,0
2425,ציעבאצינעק,1,1
2426,בעזריזש,3,1
2427,מאקאווא,1,3
2428,להרמבמ,1,0
2429,בתרנום,1,1
2430,מאהנווארט,1,0
2431,לעטריס,1,3
2432,זעלוועסבארג,4,1
2433,סקז,3,0
2434,נתיכ,1,1
2435,גיינר,1,2
2436,נחמיאש,1,1
2437,יינקב,1,2
2438,והמהרס,1,0
2439,מקורדבא,1,1
2440,לפסיקחא,1,3
2441,ויסקינד,1,2
2442,קאנקארדאנציאע,2,2
2443,ונייא,1,1
2444,זונד,1,5
2445,דאנצינ,1,2
2446,גראניצא,1,3
2447,בעלגארד,3,5
2448,לאנדען,1,4
2449,מיססיות,1,2
2450,ושיקאגא,1,1
2451,ובקריות,1,4
2452,קאנפ,1,2
2453,ומיעזשעריטץ,1,2
2454,בהעדים,2,2
2455,כאנדרינאפאל,1,0
2456,ובטאטאר,1,2
2457,מליסאבון,1,2
2458,ליוואדנא,1,3
2459,וטאנגיר,1,2
2460,ולמדינות,1,3
2461,זנאמענקא,1,1
2462,דאגיסטאן,1,9
2463,פיעמאנט,1,9
2464,ופאזען,1,3
2465,באהמען,1,31
2466,בעלזאם,1,8
2467,קאחין,3,12
2468,ליעגניטץ,1,6
2469,קארעסט,4,6
2470,בפוזנא,1,27
2471,בגנותי,1,1
2472,מיהואזה,1,0
2473,בקצפך,1,1
2474,ויעקבני,1,3
2475,רצחתיו,1,1
2476,דמסתם,1,2
2477,מוכיר,1,2
2478,אארש,1,1
2479,הרימותיך,1,2
2480,כולוניוס,1,1
2481,גליתיו,1,2
2482,קאלוס,1,0
2483,שהראש,1,3
2484,וימאסך,1,2
2485,להזאב,1,2
2486,אציבה,1,2
2487,השמאילה,1,1
2488,ולמסחרו,1,5
2489,מתנשא,1,41
2490,באופןשהצלע,1,0
2491,ישוטט,1,24
2492,במטחוי,1,8
2493,מגמת,1,807
2494,מתרחק,1,17
2495,יוגי,2,12
2496,עברואר,1,4
2497,נאוועמבר,1,526
2498,פעברואר,1,998
2499,יארוסלויא,1,1
2500,בלאגאוועשטשענסק,3,0
2501,סאלעצניק,2,0
2502,וויינפעלד,1,4
2503,וולאדיסלאוואווא,1,1
2504,זיווענישאק,1,2
2505,לאהויסק,3,1
2506,ווילקי,1,3
2507,תקפז,1,0
2508,לאנראן,1,5
2509,באמד,5,0
2510,וויכמאן,1,2
2511,תקמ,1,0
2512,הווערטערבוך,1,5
2513,זאמער,1,3
2514,הרמשש,1,0
2515,ואוח,1,0
2516,בליפסיג,1,2
2517,אקטאוו,1,2
2518,בהרעראקציע,1,3
2519,טשיגאנא,3,1
2520,קרעפעלד,2,3
2521,ובארקאוו,3,0
2522,ברעסלי,6,1
2523,אינטערנאציאנאל,1,1
2524,אוגלו,1,2
2525,גובערנסקי,1,3
2526,ניצע,2,1
2527,ניקוליוב,10,7
2528,שידלוב,2,5
2529,והמיסד,1,8
2530,שלעזיננער,1,8
2531,קאפלאוויץ,2,2
2532,ובסט,4,1
2533,בפריס,1,5
2534,האסים,1,9
2535,מוקאטטו,1,3
2536,בירוט,5,8
2537,להאדרעססע,1,4
2538,ולקוט,1,7
2539,מליניץ,2,2
2540,יבבצר,5,0
2541,קודאן,1,1
2542,זלאטאפאליא,1,1
2543,מאגילניצקי,1,3
2544,פייטעלסזאהן,1,1
2545,קריסלאווע,1,1
2546,דתמוז,4,1
2547,קובאנסקאיא,1,0
2548,סקווידא,1,0
2549,נאמאקסט,1,0
2550,מבערזנא,2,1
2551,קליינבארד,1,2
2552,פלארענץ,1,32
2553,ופראג,3,4
2554,לוצערן,2,6
2555,בקאליפארניא,1,6
2556,מאגאדור,4,7
2557,רחובותיו,1,2
2558,כלהאנשים,1,0
2559,מאחריד,1,2
2560,השלנים,1,2
2561,וניעדערלאנד,1,1
2562,שאטראיל,2,2
2563,שממנית,1,2
2564,להסטאציאן,1,2
2565,ובולסי,1,2
2566,קארטאגאנא,1,2
2567,וגלעווי,2,0
2568,ומקוריו,1,1
2569,קאסטוריא,1,0
2570,העובו,1,2
2571,למסעובד,1,1
2572,בלאבראדאר,1,0
2573,וליוונא,1,2
2574,קשתיליא,2,2
2575,ווילאפראנקא,1,2
2576,בטאמאטאווא,1,2
2577,טשונג,1,2
2578,האננקאנג,2,1
2579,לאססעלעס,1,0
2580,מאלמא,1,1
2581,אשרעשהבהרבהמעריהמדינה,1,0
2582,לקונשטנטינופול,1,2
2583,ותזכירהו,1,2
2584,כישנה,1,0
2585,לקיימהו,1,2
2586,מטאשקענד,1,3
2587,אינפעריער,1,2
2588,והבאשא,1,2
2589,לסינטור,1,2
2590,קרעמענטשוג,8,44
2591,משאוול,1,1
2592,תוככא,1,0
2593,דדרוזגעניק,1,2
2594,ראפקען,1,2
2595,פארסדאם,1,2
2596,הגלבע,1,0
2597,ותכפל,2,2
2598,לאנעס,1,1
2599,ברעזשיצע,1,2
2600,טושין,1,1
2601,מקאמינקא,1,3
2602,ווילג,1,2
2603,בנזרת,1,2
2604,קאפאצאוו,4,3
2605,וויאטקא,2,3
2606,קאידאנאוו,5,2
2607,טשערקאם,1,5
2608,קאמיאנקא,1,4
2609,שערליץ,4,11
2610,פעטריקאוו,5,3
2611,רייגראד,5,5
2612,שערליץ,4,11
2613,וויניצא,3,30
2614,קאליש,2,218
2615,ולגבאי,2,5
2616,קדעמענטשוג,2,0
2617,רחנוכה,2,7
2618,תנצכה,1,0
2619,מקנישין,1,5
2620,סטראקאניץ,1,2
2621,פערצעללי,1,1
2622,פלאני,2,2
2623,שאצק,1,1
2624,עבערסדארף,1,2
2625,פיטלאוואני,1,2
2626,סיבור,1,3
2627,כאלצים,3,1
2628,במינעראל,1,2
2629,קאזאל,2,2
2630,בירוט,5,8
2631,אפאלע,1,9
2632,אטהשילד,1,6
2633,בקאלן,1,10
2634,ראגאלי,5,1
2635,קאלסבורג,2,2
2636,רעמבא,1,1
2637,דתמוז,4,1
2638,צרמון,1,2
2639,יענאווער,1,2
2640,פריעדל,2,2
2641,כששב,1,2
2642,אקספארדה,1,1
2643,אמשעיעוויץ,2,0
2644,למולאי,3,2
2645,מעדעצינישעדעפארטאמענט,1,0
2646,הבירז,1,2
2647,האקדעמיע,1,3
2648,וויעראמ,2,0
2649,כארנאס,1,0
2650,ובסט,4,1
2651,אודווענט,1,1
2652,ניעשוויזש,2,3
2653,היתרית,2,1
2654,איששאק,2,0
2655,פייטשעם,3,2
2656,וגאלדענבלום,1,2
2657,וסלאנד,1,1
2658,הרדקציה,1,9
2659,יורסקא,1,6
2660,פעלליעטאן,2,2
2661,ואריא,1,2
2662,ווילענסק,1,0
2663,ניצע,2,1
2664,איידקוהנען,1,5
2665,קאידאנאוו,5,2
2666,קאפאצאוו,4,3
2667,לאנצקרינא,2,1
2668,שעדלין,2,0
2669,ומעזיבוז,4,0
2670,אונגארען,1,17
2671,בבמביי,2,5
2672,רוסטשצוק,2,13
2673,אסטראהאן,3,18
2674,פולטאווא,2,4
2675,שאראוו,1,4
2676,יתלגרמות,1,0
2677,קארעסט,4,6
2678,טאטר,3,1
2679,כופיא,1,2
2680,טארגאוו,4,5
2681,קרעמזיער,1,22
2682,מוכחרות,1,6
2683,קראלעווסקי,1,2
2684,קאידאנאוו,5,2
2685,סוחי,1,3
2686,פאוויא,1,39
2687,וויניארסקי,1,1
2688,רעצעמבר,1,19
2689,לקבלח,1,2
2690,נמברה,1,3
2691,לגירעגיהאזא,1,5
2692,ליאלטא,1,10
2693,לדרעזדען,1,12
2694,טעשען,1,6
2695,מאדאלעס,1,10
2696,דמשקה,1,14
2697,וכבואו,1,32
2698,לררכו,1,2
2699,ברדיטשובן,1,2
2700,ומעזיבוז,4,0
2701,סאלעצניק,2,0
2702,טשאשניק,2,0
2703,לאהויסק,3,1
2704,באבטשיניעץ,1,1
2705,פאטשעם,1,0
2706,סקולען,3,0
2707,שעדלין,2,0
2708,פיליאלען,1,10
2709,דמאין,1,42
2710,לונ,1,3
2711,באיזביצא,3,2
2712,יברוט,1,1
2713,זעליגסאהן,1,0
2714,רצבי,2,1
2715,רמאל,2,1
2716,ובחנוכה,1,2
2717,קירקיסיאה,2,2
2718,יבבצר,5,0
2719,איידינאוו,1,0
2720,מעזעריטשער,1,0
2721,יאראווסקי,1,1
2722,ביתהמדרש,2,0
2723,טשערנאבילסקי,1,1
2724,רייפ,2,0
2725,עליקם,1,1
2726,מאדאקער,1,4
2727,קאליב,1,0
2728,קאראפיו,1,2
2729,וקארזיקאנער,1,2
2730,דקארפאה,1,3
2731,לכק,1,0
2732,סרעדניק,1,1
2733,תרמנ,2,0
2734,באהאפאל,1,0
2735,תרמיג,1,1
2736,פעטריקאוו,5,3
2737,לעוויז,1,3
2738,ניעשוויען,1,1
2739,הנעאגרפית,1,2
2740,הפרייהער,1,2
2741,מונדו,1,3
2742,בקענסינגטאן,2,2
2743,ממשלחתו,1,4
2744,טוריום,1,2
2745,הקאנסיסטאאר,1,0
2746,הראשישל,1,0
2747,הענריקוועם,1,1
2748,ודירעקטאר,1,3
2749,מענאססע,1,2
2750,פלאטה,1,2
2751,קאמאנדאנט,2,0
2752,פרעזידעכט,1,0
2753,מרשיליה,2,2
2754,מארקגראף,1,2
2755,בטוירים,1,1
2756,קונקורדיא,1,0
2757,קיירוואן,1,1
2758,מעהריש,1,2
2759,שיררו,3,2
2760,נאווגאראר,1,1
2761,ניקולאס,1,3
2762,ומארסילליע,3,0
2763,שארלעסטאן,5,1
2764,באדור,2,2
2765,בקאנסטאנטינופול,1,3
2766,יאראסלאוול,3,0
2767,רעשאוו,1,1
2768,ניישטאדטל,8,2
2769,פעטריקאוו,5,3
2770,פיעסק,2,2
2771,מאזאוויעצקי,1,2
2772,לינקאוו,1,4
2773,סערדאהעללי,6,0
2774,לינקאווע,1,4
2775,וועליז,1,5
2776,באיזמאיל,1,6
2777,כצדים,1,2
2778,בכבוזי,1,2
2779,ונפזרה,1,2
2780,ראססויא,2,1
2781,בענוואטום,2,1
2782,אארגענוי,3,3
2783,פאשינע,2,0
2784,גאלעטא,1,0
2785,טהים,1,2
2786,התרכיה,1,4
2787,געפאלגע,1,0
2788,וערצבישאפים,1,1
2789,ולראשון,1,2
2790,הבונפרטים,1,2
2791,כהןצדק,1,0
2792,ראגאלי,5,1
2793,מניחתו,1,1
2794,קארסאייטין,1,0
2795,וואלכאנסק,1,1
2796,מפיסרו,1,2
2797,כחכה,1,0
2798,במהון,1,2
2799,עירנז,1,1
2800,יארויסלויא,1,0
2801,יחסמז,3,0
2802,עורין,1,1
2803,קונשטנצא,1,0
2804,ואיךאנחם,1,0
2805,היהודו,1,3
2806,בהעירנו,1,2
2807,גאנצאלא,2,2
2808,אותבן,1,1
2809,עלפיע,3,1
2810,יאראסלאוול,3,0
2811,להקבלן,1,2
2812,טינופולה,1,1
2813,הגראספירשט,3,2
2814,ולסגן,1,2
2815,ומארסילליע,3,0
2816,ויטץ,1,2
2817,מקעסלין,1,2
2818,הסיינע,1,2
2819,והקטרית,1,2
2820,האננקאנג,2,1
2821,מרשיליה,2,2
2822,קריזבורג,2,2
2823,מהורס,2,0
2824,מאטילי,1,3
2825,הויזין,2,2
2826,לאמזי,1,1
2827,קאפשטיין,1,2
2828,דקכ,2,0
2829,ובארם,1,16
2830,אלעפפא,1,9
2831,באריסלאוו,1,21
2832,גולן,1,10
2833,בליווערפאל,2,16
2834,בניוא,1,24
2835,לוצערן,2,6
2836,פאקראי,1,4
2837,טרעסטינא,2,12
2838,עלינבערג,2,3
2839,הארקאווע,1,1
2840,מורמ,1,0
2841,ראבר,1,0
2842,גראהבארד,1,3
2843,שלעווין,1,2
2844,אברקק,2,0
2845,במוהרמ,1,0
2846,מלאנט,1,3
2847,מגילוואן,1,1
2848,וויסקין,1,0
2849,אלייא,1,2
2850,האוזע,1,7
2851,האוניוו,1,1
2852,העמניטץ,1,4
2853,להראוסוועט,1,0
2854,ממענשען,1,3
2855,לייצעסטער,1,6
2856,יעליץ,1,1
2857,מעדווין,2,1
2858,ליובאניטש,1,0
2859,קאטליאר,1,2
2860,סטראשען,1,2
2861,הראזעווא,3,1
2862,משעריקוב,1,0
2863,סקולען,3,0
2864,סימיאטיץ,1,1
2865,יערסלאב,1,1
2866,רעוואצק,1,1
2867,לאוואטשא,2,0
2868,בריטאן,1,0
2869,אנאפאל,1,0
2870,לעווא,2,1
2871,לקאלאראש,1,1
2872,מעטאממעה,1,1
2873,מסאליסטריא,2,2
2874,מאהאטש,1,0
2875,עדצארום,1,1
2876,ואניתם,1,2
2877,גאנער,1,2
2878,סהוטארגארדאן,1,1
2879,ובפוזנא,1,2
2880,פיצע,1,1
2881,נייבידשאף,2,2
2882,דובלן,2,2
2883,רידצאווסקי,1,1
2884,יבבצר,5,0
2885,אלכאלדי,1,2
2886,לעאנבורג,2,2
2887,ווארקאני,1,0
2888,הראסט,3,2
2889,לובען,1,21
2890,בגאליציע,1,21
2891,פאוולאווקא,2,5
2892,רייגראד,5,5
2893,בקורלאנד,2,25
2894,ותוש,1,2
2895,לגליציה,1,0
2896,טראביזונדה,1,1
2897,לעדענצע,1,2
2898,בוקהארא,1,2
2899,הטירקאיי,1,2
2900,סעפו,1,2
2901,והרעפארס,1,2
2902,הצדד,1,1
2903,ואחינ,4,2
2904,עומדו,2,2
2905,מסופ,1,2
2906,נענינו,1,0
2907,לאלפונס,1,1
2908,וכמתכונתו,1,2
2909,וציני,3,2
2910,הקחה,1,2
2911,דוציא,1,2
2912,והכשירם,1,2
2913,לספורת,1,2
2914,בקריר,1,2
2915,קומסיון,1,2
2916,ינבח,1,2
2917,בהאורח,2,3
2918,ווארשאווסקו,1,2
2919,תכריחנו,1,2
2920,ויחלנו,1,1
2921,המקוד,1,3
2922,בקומאים,1,2
2923,שמשחו,1,2
2924,ניישטאדטל,8,2
2925,ליובאר,6,6
2926,דרבב,3,0
2927,געזאמ,1,1
2928,שלמייא,2,0
2929,דערבין,1,2
2930,שהפריע,3,2
2931,שבתשרי,2,2
2932,הוואלגאטא,1,1
2933,מהריכ,1,0
2934,פיסארו,1,3
2935,בדס,2,0
2936,ותעגב,1,2
2937,חויט,1,0
2938,בקושיתי,1,2
2939,ברעסלי,6,1
2940,באדור,2,2
2941,מאנדענבורג,3,1
2942,נאוועס,1,3
2943,טינופולי,1,1
2944,טשיגאנא,3,1
2945,סעגדין,1,1
2946,לעאנבורג,2,2
2947,גולאיפאלע,1,1
2948,רזעשוב,1,1
2949,פאקשאני,3,5
2950,געטענבורג,2,0
2951,ווינצענהיים,1,1
2952,ברעסלי,6,1
2953,ובערזאן,1,1
2954,בירמיננהאם,2,3
2955,בעלגארד,3,5
2956,נסטער,1,2
2957,אונגארנס,1,1
2958,הויזעם,1,1
2959,פריסאזנע,1,2
2960,צוריעדען,1,0
2961,קאזאקאווסקי,1,10
2962,טראדיטיאנעללעס,1,0
2963,פאוויערענני,1,8
2964,איללוסטראציא,1,1
2965,דיענסטעס,2,3
2966,מילעווסקי,1,0
2967,וקאלוגא,2,0
2968,דאמעטיקא,1,0
2969,ארחאנגעלסק,2,2
2970,קארטהאגענא,1,1
2971,קזים,1,0
2972,סעלוי,1,2
2973,ליטאוים,1,2
2974,צנע,1,1
2975,וויסקאנזין,2,1
2976,החנפלו,1,2
2977,הקאפפארים,1,3
2978,וההאוואסים,1,2
2979,אארגענוי,3,3
2980,ארגנויא,1,1
2981,הולאנדיים,1,2
2982,קצכם,1,3
2983,תיראום,1,0
2984,אקריש,1,3
2985,פוצו,1,1
2986,לשלים,1,3
2987,לדתפאר,1,3
2988,ינבה,1,1
2989,ואיעצכם,1,2
2990,יחסמז,3,0
2991,השביענו,1,2
2992,ובלך,1,2
2993,בחיוש,1,0
2994,אררתי,1,2
2995,טלפני,1,2
2996,ולחגר,1,3
2997,קמר,1,5
2998,זאבו,1,2
2999,בבילוגראדו,1,3
3000,והתועדו,1,2
3001,פליאסקאוו,1,2
3002,ראטצקי,1,2
3003,האפוועכסלער,2,2
3004,בקהילות,1,6
3005,אחדשו,1,0
3006,מצאליווא,2,1
3007,דברבחירת,1,0
3008,קרעפעלד,2,3
3009,מישיל,1,3
3010,באפילות,1,2
3011,הקימך,1,2
3012,ירבשו,1,1
3013,וציני,3,2
3014,בעצור,1,2
3015,האיסדרים,1,0
3016,פשכם,1,1
3017,תוסית,1,1
3018,יגוגב,1,3
3019,ואתקעהו,2,2
3020,שליוה,1,3
3021,גרשוך,1,2
3022,פהארע,2,0
3023,שמנתם,1,2
3024,אשתאה,1,2
3025,תשואה,1,2
3026,והוחלתי,1,2
3027,אחק,1,4
3028,אחרונים,1,240
3029,בקורפו,1,22
3030,פארגו,1,25
3031,פיטמות,1,79
3032,קארסיקו,1,3
3033,זאבא,1,6
3034,לעבעד,1,2
3035,יאניא,1,2
3036,בהעדים,2,2
3037,ואויסטראליא,1,0
3038,אנדריאנפול,1,1
3039,איטלאנד,1,2
3040,כשווייץ,1,2
3041,ואויס,1,1
3042,כאלהאתעיניהם,1,0
3043,חתישבו,1,2
3044,ובהשווייץ,1,1
3045,בזאגארא,1,1
3046,דבולגרים,1,1
3047,באיגאן,1,2
3048,וואראנעש,2,1
3049,ווירטטעמבערג,1,1
3050,וקלניותיה,1,2
3051,עקזערציטאציאנעס,2,0
3052,למכוראות,1,0
3053,בגשמו,2,2
3054,התנהומא,1,1
3055,ישינוהו,1,2
3056,געקלעבט,2,1
3057,באסופות,2,2
3058,ביסערביע,1,0
3059,ינקד,2,2
3060,דמקא,3,1
3061,טטרצא,2,2
3062,קונקורדאנץ,1,2
3063,יעווי,1,0
3064,זעלוועסבארג,4,1
3065,קלג,1,0
3066,ובבבלי,1,11
3067,כולהו,1,15
3068,קלב,1,0
3069,קיח,1,0
3070,ובגמ,1,0
3071,ובמסכת,1,9
3072,פיסקא,1,17
3073,בכורות,1,45
3074,רכח,1,1
3075,זבחים,1,46
3076,פאדאלסק,5,47
3077,קאזעלעץ,2,16
3078,וואלינסק,2,6
3079,פאדאלסק,5,47
3080,האטין,4,9
3081,סאראטה,4,0
3082,קונסטאנטיננופולה,3,1
3083,ישארל,1,2
3084,דאהמע,1,1
3085,מילאראראוויטש,1,0
3086,הראסט,3,2
3087,כדבריםהאלה,1,0
3088,באבניא,4,1
3089,שוויינער,1,1
3090,ווילדויער,2,2
3091,ובבודא,1,0
3092,במאנהיים,1,2
3093,וויטטען,3,3
3094,בוויעס,2,0
3095,גאליצ,1,3
3096,גישאר,1,0
3097,דיפאורע,1,9
3098,גאריעלד,1,0
3099,קאנאוואם,1,6
3100,לעפען,1,3
3101,קאנראבער,1,1
3102,להרייכסטאג,1,16
3103,מהרעפובליקים,1,24
3104,בראטיאני,1,2
3105,שיימאנס,1,2
3106,לנבחר,1,9
3107,וואדינגטאהן,1,10
3108,דופאר,1,3
3109,ארקענבעק,1,0
3110,מערילל,1,2
3111,וסטאפ,1,0
3112,ראויען,1,1
3113,שליעמאנן,1,2
3114,מאגדעבורגער,1,2
3115,מטויראנען,1,1
3116,ובהעתיק,1,2
3117,עסעקס,1,2
3118,סטארינא,1,0
3119,אסטאוו,2,0
3120,אלעקסנדראווסק,1,0
3121,טאמ,1,0
3122,האמראן,1,2
3123,ובלבוב,1,5
3124,סאראייעווא,3,1
3125,הנהפכות,1,0
3126,בואים,1,3
3127,הנארגות,1,2
3128,חנוסעים,1,2
3129,לצעו,1,2
3130,ניסעים,1,2
3131,מארינסק,1,2
3132,פריעפאליע,1,3
3133,וקונות,1,2
3134,וגלעווי,2,0
3135,גליזאן,1,1
3136,הגדולור,1,2
3137,מפלימוטה,1,2
3138,נעדד,1,0
3139,דאמיעט,1,1
3140,בגענוי,1,2
3141,בקראטאשין,1,7
3142,רלד,2,3
3143,עטטלינגער,1,18
3144,מולאק,1,7
3145,פלעשען,2,3
3146,זיטטענפעלד,2,2
3147,לעקסיקאןפארמאט,1,0
3148,יעוורייסקאי,3,3
3149,הגרשונים,1,2
3150,קאנקארדאנציע,2,3
3151,תרליח,6,0
3152,יקאן,1,1
3153,שולבוים,3,5
3154,בבאדליאן,1,2
3155,בקארלסרוה,1,0
3156,דעתקת,4,2
3157,הדפוסשל,1,0
3158,סאלאנאוויטש,1,1
3159,טארגאוו,4,5
3160,ניקוליוב,10,7
3161,קארעסט,4,6
3162,פראנצענסבאד,1,6
3163,ניישטאדטל,8,2
3164,סערדאהעללי,6,0
3165,פראסניטן,2,1
3166,ומהרשל,3,0
3167,ענותא,1,5
3168,פעח,1,0
3169,מנוקבת,1,1
3170,חלקוטים,1,2
3171,באסופות,2,2
3172,בילקונו,1,3
3173,ונוסחת,1,3
3174,בערובי,2,0
3175,ובמחזור,1,4
3176,דטס,1,0
3177,סנהדרן,1,3
3178,להברייתא,1,3
3179,עקרן,1,2
3180,בהדרשות,1,1
3181,הזכירונו,1,2
3182,קאמיסיאנערין,1,1
3183,להפאבריקאנטים,1,1
3184,כהמכתבים,1,2
3185,והכשירום,1,1
3186,הקאנזאלים,1,1
3187,ובהאגרת,1,2
3188,בהוצעלים,1,1
3189,מהנביא,1,3
3190,במחומות,1,3
3191,שחזקו,1,2
3192,בטלוה,1,3
3193,הציעם,1,2
3194,מהפראטקאל,1,1
3195,בהבאור,1,1
3196,ולחטאים,1,1
3197,גדולהבכלארצותאשכנז,1,0
3198,פאנדארא,1,0
3199,קאוואלע,1,2
3200,ושכי,1,2
3201,גיזן,1,1
3202,ייאו,1,0
3203,ציפים,1,2
3204,טנטא,1,0
3205,ובמחצה,1,3
3206,פאטאמיען,1,0
3207,שאטראיל,2,2
3208,מאמעריקהלאאחד,1,0
3209,לחורן,1,2
3210,מלחמהאשרתשבראתזרועצרפת,1,0
3211,רציו,1,3
3212,וייצאוו,1,2
3213,ולהקאנזול,2,2
3214,המדומם,1,5
3215,אלטארי,1,2
3216,מיהרר,1,0
3217,הארטטמאן,1,4
3218,יוליאום,1,5
3219,לבירט,1,2
3220,ואלירו,1,2
3221,כמהרנ,1,0
3222,ההחש,1,0
3223,גיטטמאן,1,2
3224,מאתבן,1,0
3225,שפיעלמאן,2,0
3226,רוסלאנדמאהילעוו,1,0
3227,סקארולסקי,1,0
3228,מוטוים,1,1
3229,קוזניצקי,1,0
3230,נגראיעווא,1,0
3231,ווילנאמאתבן,1,0
3232,עסטרייךפרזעמישלמאת,1,0
3233,לאנדפהוט,1,0
3234,ריינוואלד,2,1
3235,מיאנאוו,1,2
3236,מאתאן,2,0
3237,ןא,1,1
3238,סאראטה,4,0
3239,ראגענדארף,1,0
3240,קארלבורג,1,0
3241,באזוטא,1,2
3242,יארדאנסקא,1,0
3243,ופאליציינא,1,0
3244,והמטפחות,1,1
3245,וסוףהחירותלבוא,1,0
3246,טארגאווא,1,1
3247,גראטטע,1,1
3248,באורא,1,1
3249,מזאבים,1,2
3250,מסכסניה,1,1
3251,הזירים,1,0
3252,מאסטריה,1,0
3253,סלאדקאוואדנאיא,1,0
3254,ואםכה,1,0
3255,בורעטים,1,0
3256,האנארער,1,0
3257,ישגםספר,1,0
3258,קאצק,1,2
3259,רייגראד,5,5
3260,מסמארגאן,1,8
3261,ליטענסקי,1,1
3262,באלעט,1,8
3263,פהק,1,1
3264,לייזעראוויץ,1,11
3265,שוכ,1,3
3266,שימקין,1,3
3267,גאלדבערגער,1,12
3268,שולמאנן,1,16
3269,וועטשערנאיא,1,0
3270,המתנחם,1,2
3271,אונגאריש,1,6
3272,פיכלער,1,2
3273,פשיסוכא,1,1
3274,פעלליעטאן,2,2
3275,אינגעל,1,1
3276,בזארגאן,1,5
3277,ונעתקות,1,3
3278,פולטאווא,2,4
3279,מלאחוויץ,1,4
3280,פישעטקא,1,2
3281,טשערנינאוו,1,1
3282,דרכיהחנוךבעירנו,1,0
3283,זשדאנאוו,1,0
3284,טראקי,1,2
3285,כאלטאווא,1,0
3286,מראדזיוויל,1,1
3287,טשיגרין,1,4
3288,סקידל,1,17
3289,אישנעמי,1,0
3290,בלומענשטאק,1,1
3291,בייזי,1,2
3292,שהמרה,1,2
3293,וארונה,1,1
3294,גואיזעפא,1,2
3295,מרמזי,1,2
3296,המחלוצץ,1,2
3297,כטעות,1,2
3298,וכתינוק,1,2
3299,ההשרשה,1,1
3300,אייבו,1,3
3301,קאשינסקי,1,0
3302,באלזאמינא,1,0
3303,האפעראציע,1,2
3304,לאניו,1,2
3305,במטפור,1,2
3306,ניקולאיעוו,1,0
3307,איטליען,1,274
3308,אדריאנוס,1,13
3309,הפראנקים,1,22
3310,רייכשטאדט,1,8
3311,באגראם,1,8
3312,ונאפאלעאן,1,10
3313,בידת,1,128
3314,לניא,1,7
3315,הגלתה,1,16
3316,צאורי,1,12
3317,שכנת,1,13
3318,למסעיה,1,4
3319,הכליפים,1,13
3320,למגורשי,1,4
3321,באימים,1,26
3322,תענוגיה,1,9
3323,הימיארה,1,7
3324,השוקטה,1,4
3325,יקחת,1,18
3326,כפשתה,1,6
3327,ושעריה,1,17
3328,כאיסלאנד,1,4
3329,ונבוזו,1,5
3330,טאנטא,3,3
3331,שיררו,3,2
3332,קנשטנ,1,0
3333,כאלצים,3,1
3334,לפניחג,1,0
3335,לךלך,1,0
3336,מחגורר,1,2
3337,ויצאמאת,1,0
3338,בעיריו,1,0
3339,שהתחלתי,1,2
3340,בנימי,2,6
3341,דוואהר,1,0
3342,בארדען,1,2
3343,זעלראוויץ,1,2
3344,בנימיי,1,5
3345,בפלורענץ,1,1
3346,קאלמער,1,0
3347,לביהמיד,1,2
3348,בענדעט,1,7
3349,רעעזע,1,4
3350,וניסו,1,13
3351,ברוססיש,1,4
3352,שפיעלפאגעל,1,7
3353,אלפערן,1,2
3354,גאלדשטאק,1,1
3355,דאנעמאן,1,0
3356,מראמאן,2,2
3357,טראכטינבארג,1,1
3358,היידענ,1,0
3359,פיקעלער,1,1
3360,מאנשזאהן,2,1
3361,עבץ,1,1
3362,רפאלשלמה,1,0
3363,גינצלער,1,2
3364,ריזיק,2,2
3365,מטעלש,1,1
3366,נושיא,1,3
3367,אורדאנג,1,0
3368,ויגישתי,1,3
3369,פערגיטעט,1,2
3370,אללענ,1,1
3371,גאבעלן,1,6
3372,טהייערע,1,11
3373,מאססיפער,1,3
3374,פינפ,1,3
3375,עהעמאליגען,1,3
3376,קאליקע,1,4
3377,איינקייפע,1,17
3378,בעבער,1,6
3379,דרעססירטען,1,4
3380,אייער,1,14
3381,ובשס,1,0
3382,ולכלחלקילוה,1,0
3383,לואזם,1,3
3384,אלאחכאם,1,4
3385,קאנקארדאנציע,2,3
3386,בליוורנא,1,11
3387,בפאצדאם,1,2
3388,ורמבס,1,0
3389,תרליח,6,0
3390,אפירוש,1,0
3391,סופריםקאוונא,3,0
3392,קאנסטאנטינאפל,4,5
3393,ניזיען,7,0
3394,בטאשקענט,3,6
3395,מאגאדור,4,7
3396,באזארדשיק,2,5
3397,רושטשוק,4,20
3398,וואלאכיא,2,7
3399,עדנהלאראינובטובה,1,0
3400,קאחירא,1,0
3401,סאיגון,1,2
3402,דוססלאנד,1,0
3403,לחנין,1,2
3404,לעגיום,1,1
3405,הרוצמה,1,1
3406,אלהאניה,1,0
3407,אלימוסיד,1,0
3408,מגרם,1,1
3409,קהית,1,1
3410,שיררו,3,2
3411,ומעלמת,1,2
3412,סערדאהעללי,6,0
3413,מידלסבארא,2,0
3414,דאבראמיל,1,1
3415,מעלז,1,0
3416,קרעמצוג,4,0
3417,עסטרייךטאכאו,1,0
3418,האסקוי,6,0
3419,בעזריזש,3,1
3420,וואיריסלאב,1,0
3421,ברעסלי,6,1
3422,ניישטעט,1,0
3423,ראיגאראד,4,1
3424,ראגאלי,5,1
3425,פאלאווצאוו,1,1
3426,יבבצר,5,0
3427,אנאניאוו,3,0
3428,הגראספירשט,3,2
3429,אפעסט,1,2
3430,ראדזיווילישקי,4,2
3431,ליפעווע,1,1
3432,מביחי,1,2
3433,מארץיצא,1,0
3434,ופולי,1,1
3435,עלפיע,3,1
3436,לעחת,1,2
3437,דוגעליסאק,4,1
3438,בדש,1,1
3439,מכומרי,3,2
3440,דוגש,1,1
3441,פנעט,3,2
3442,קילה,1,2
3443,כיצועים,1,0
3444,אלדהבי,2,2
3445,שדניאל,1,2
3446,נוגהא,1,1
3447,ולנגון,1,1
3448,להרלבג,1,0
3449,אשביליה,1,2
3450,ארחתיה,1,3
3451,למולאי,3,2
3452,להעתיה,1,2
3453,קשך,1,0
3454,סופריםקאוונא,3,0
3455,אלט,1,70
3456,סאלי,1,16
3457,באטע,1,13
3458,איזראעליטישע,1,73
3459,פאלין,2,8
3460,סויא,1,1
3461,מונאסטיר,1,5
3462,האיידעראבאד,3,5
3463,בטאשקענט,3,6
3464,פעץ,3,45
3465,פיס,1,15
3466,פורטגאל,1,4
3467,ומדל,2,1
3468,שבבואם,1,3
3469,קורסקו,1,2
3470,לחהק,1,0
3471,לפיץ,1,1
3472,אינקווי,1,0
3473,תועצו,1,2
3474,כפד,1,0
3475,ואגדתו,1,2
3476,באגרתם,1,2
3477,הפורטוגעזים,1,1
3478,עצלי,1,2
3479,לעונים,1,2
3480,ובבואב,1,2
3481,היודאיזמוס,1,2
3482,בשוטר,1,2
3483,והבערווינים,1,2
3484,בהלא,1,1
3485,זאמושץ,1,19
3486,ניקוליוב,10,7
3487,וויניצא,3,30
3488,רייגראד,5,5
3489,ניקוליוב,10,7
3490,לקאנסטאנד,1,2
3491,מהתפרצות,1,2
3492,יוסנו,1,2
3493,שקף,1,2
3494,ושתקבל,1,2
3495,בכאסניה,1,2
3496,שחתוו,1,2
3497,ולאוסטריה,1,2
3498,התוניסיים,1,2
3499,במונטענענדו,1,1
3500,בפסף,1,2
3501,פאלעסטינה,1,1
3502,לרומענין,1,1
3503,הבעלגעים,1,2
3504,יתמסרו,1,2
3505,געטעבורג,1,1
3506,שוליטץ,3,1
3507,ראגאלי,5,1
3508,ייטשלאנד,1,0
3509,מצאליווא,2,1
3510,אלגירי,1,2
3511,וקרלין,1,1
3512,באדריאנאפאלי,1,4
